Collection Name,Collection Description,Unit Name,Collection ID,Title,Date Issued,Creator,Alternative Title,Translated Title,Uniform Title,Statement Of Responsibility,Date Created,Copyright Date,Abstract,Note,Note Type,Note,Note Type,Format,Resource Type,Contributor,Publisher,Genre,Subject,Related Item Label,Related Item Url,Geographic Subject,Temporal Subject,Topical Subject,Bibliographic Id,Language,Terms Of Use,Table Of Contents,Physical Description,Other Identifier Type,Other Identifier,Comment,File Label,File Title,Instantiation Label,Instantiation Id,Instantiation Streaming URL,Instantiation Duration,Instantiation Mime Type,Instantiation Audio Bitrate,Instantiation Audio Codec,Instantiation Video Bitrate,Instantiation Video Codec,Instantiation Width,Instantiation Height,File Location,File Checksum,File Size,File Duration,File Aspect Ratio,File Frame Size,File Format,File Date Digitized,File Caption Text,File Caption Type,File Other Id,File Comment
FRONTLINE,,Default Unit,,Easy Money,1997-06-10,,,,,,,,Winkelman interview,Original footage,local,,general,,,,,,,,,,,,,,,,,video recording identifier,94600,,,barcode94600.mkv,,,https://avalon.wgbh.org/hls/avalon/barcode94600.mp4/master.m3u8,,,,,,,480,360,,,,,4:3,480x360,,,,,,
NOVA,,Default Unit,,Warriors of the Amazon (Yanamano),1997-06-10,,,,,,,,"Original footage of Yanamano people and their village. Footage includes people walking through the village, doing hair, preparing food, children dancing and playing with spears, and walking along a footpath.",Original footage,local,Scenics / B-roll,general,,,,,Scenics / B-roll,,,,,,Peoples of South America,,,,,,video recording identifier,129761,,,barcode129761.mov,,,https://avalon.wgbh.org/hls/avalon/22807/barcode129761/Preservation Master/barcode129761.mp4/master.m3u8,,,,,,,480,360,,,,,4:3,480x360,,,,,,
Ten O'Clock News,,Default Unit,,Ten O'Clock News,1987-12-15,,,,,,,,"Perennial, inveterate political candidates and disgraced pseudo-celebrities fight back and resurrect themselves, despite their failures and claims of retirement from public arena. Nixon, Hart, Rice, Biden…
 reporter: Kelly",News Tape,local,,general,,,,,,,,,,,"News and Current Events, Politics and Government, Social Issues",,,,,,video recording identifier,130933,,,barcode130933.mov,,,https://avalon.wgbh.org/hls/avalon/22807/barcode130933/Preservation Master/barcode130933.mp4/master.m3u8,,,,,,,480,360,,,,,4:3,480x360,,,,,,
Ten O'Clock News,,Default Unit,,Ten O'Clock News,1984-10-11,,,,,,,,"Vice presidential candidates George Bush and Geraldine Ferraro debate in Philadelphia. Moderated by Sander Vanocur. Panelists John Mashek, Norma Quarles, Robert Boyd, Jack White. reel 1 .",News Tape,local,,general,,,,,,,,,,,,,,,,,video recording identifier,295955,,,barcode295955.mkv,,,https://avalon.wgbh.org/hls/avalon/barcode295955.mp4/master.m3u8,,,,,,,480,360,,,,,4:3,480x360,,,,,,
Making Things Work,,Default Unit,,Care of Books,1972-01-06,,,,,,,,"Host demonstrates how to care for book collections of viewers, describing how books react to different physical conditions, and offering advice on how to store and care for books so they don't mold and rot",Green Label Master (WGBH program),local,Educational,general,,,,,Educational,,,,,,"Antiques and Collectibles, Home Improvement",,,,,,video recording identifier,159097,,,barcode159097.mov,,,https://avalon.wgbh.org/hls/avalon/22807/barcode159097/Preservation Master/barcode159097.mp4/master.m3u8,,,,,,,480,360,,,,,4:3,480x360,,,,,,
Apollo 13: To the Edge and Back,,Default Unit,,Apollo 13: To the Edge and Back,2500-01-01,,,,,,,,"Not for air, Home video version credits.",Green Label Master (WGBH program),local,,general,,,,,,,,,,,,,,,,,video recording identifier,67416,,,barcode67416.mkv,,,https://avalon.wgbh.org/hls/avalon/23033/barcode67416/PreservationMaster/barcode67416.mp4/master.m3u8,,,,,,,480,360,,,,,4:3,480x360,,,,,,
Think Twice,,Default Unit,,THINK TWICE 118,2500-01-01,,,,,,,,,Green Label Master (WGBH program),local,,general,,,,,,,,,,,,,,,,,video recording identifier,217949,,,barcode217949.mkv,,,https://avalon.wgbh.org/hls/avalon/23033/barcode217949/PreservationMaster/barcode217949.mp4/master.m3u8,,,,,,,480,360,,,,,4:3,480x360,,,,,,
Think Twice,,Default Unit,,THINK TWICE 119,2500-01-01,,,,,,,,,Green Label Master (WGBH program),local,,general,,,,,,,,,,,,,,,,,video recording identifier,217951,,,barcode217951.mkv,,,https://avalon.wgbh.org/hls/avalon/23033/barcode217951/PreservationMaster/barcode217951.mp4/master.m3u8,,,,,,,480,360,,,,,4:3,480x360,,,,,,
Mystery of the Senses,,Default Unit,,Mystery of the Senses - part 5 Vision,1995-02-22,,,,,,,,Stunt reel 2 of 2,Green Label Master (WGBH program),local,,general,,,,,,,,,,,,,,,,,video recording identifier,65639,,,barcode65639.mkv,,,https://avalon.wgbh.org/hls/avalon/23033/barcode65639/PreservationMaster/barcode65639.mp4/master.m3u8,,,,,,,480,360,,,,,4:3,480x360,,,,,,
American Experience,,Default Unit,,FDR (Part 2),1994-10-12,,,,,,,,"International version 2/95
 FDR - Hour 3 International version doc only",Doc Only Master (WGBH program),local,,general,,,,,,,,,,,,,,,,,video recording identifier,217950,,,barcode217950.mkv,,,https://avalon.wgbh.org/hls/avalon/23033/barcode217950/PreservationMaster/barcode217950.mp4/master.m3u8,,,,,,,480,360,,,,,4:3,480x360,,,,,,
Boston Symphony Orchestra,,Default Unit,,Leinsdorf Conducting: Beethoven; Webern,2500-01-01,,,,,,,,Leinsdorf - Beethoven: Symphony No. 3 (46:48). Reel 2 of 2.,Green Label Master (WGBH program),local,,general,,,,,,,,,,,,,,,,,video recording identifier,136796,,,barcode136796.mkv,,,https://avalon.wgbh.org/hls/avalon/23033/barcode136796/PreservationMaster/barcode136796.mp4/master.m3u8,,,,,,,480,360,,,,,4:3,480x360,,,,,,
Masterpiece/Classic,,Default Unit,,Vienna 1900,2500-01-01,,,,,,,,,Green Label Master (WGBH program),local,,general,,,,,,,,,,,,,,,,,video recording identifier,137155,,,barcode137155.mkv,,,https://avalon.wgbh.org/hls/avalon/23033/barcode137155/PreservationMaster/barcode137155.mp4/master.m3u8,,,,,,,480,360,,,,,4:3,480x360,,,,,,
Masterpiece/Classic,,Default Unit,,"Vienna 1900, Episode 5 (Gift of Life)",1975-03-09,,,,,,,,105,Green Label Master (WGBH program),local,,general,,,,,,,,,,,,,,,,,video recording identifier,137157,,,barcode137157.mkv,,,https://avalon.wgbh.org/hls/avalon/23033/barcode137157/PreservationMaster/barcode137157.mp4/master.m3u8,,,,,,,480,360,,,,,4:3,480x360,,,,,,
LEXINGTON DISABILITIES,,Default Unit,,Estabrook Arithmetic,2500-01-01,,,,,,,,,Original,local,,general,,,,,,,,,,,,,,,,,video recording identifier,285449,,,barcode285449.mkv,,,https://avalon.wgbh.org/hls/avalon/23033/barcode285449/PreservationMaster/barcode285449.mp4/master.m3u8,,,,,,,480,360,,,,,4:3,480x360,,,,,,
Unsorted Programs,,Default Unit,,1974 Election,2500-01-01,,,,,,,,"Captioned
 FINAL AIR VERSION",Original,local,,general,,,,,,,,,,,,,,,,,video recording identifier,285448,,,barcode285448.mkv,,,https://avalon.wgbh.org/hls/avalon/23033/barcode285448/PreservationMaster/barcode285448.mp4/master.m3u8,,,,,,,480,360,,,,,4:3,480x360,,,,,,
Crockett's Victory Garden,,Default Unit,,Victory Garden 261,2500-01-01,,,,,,,,"261

 House dub",Backup master (WGBH program),local,,general,,,,,,,,,,,,,,,,,video recording identifier,137873,,,barcode137873.mkv,,,https://avalon.wgbh.org/hls/avalon/23033/barcode137873/PreservationMaster/barcode137873.mp4/master.m3u8,,,,,,,480,360,,,,,4:3,480x360,,,,,,
Making Things Grow,,Default Unit,,Mea Culpa,2500-01-01,,,,,,,,#149,Backup master (WGBH program),local,,general,,,,,,,,,,,,,,,,,video recording identifier,183997,,,barcode183997.mkv,,,https://avalon.wgbh.org/hls/avalon/23033/barcode183997/PreservationMaster/barcode183997.mp4/master.m3u8,,,,,,,480,360,,,,,4:3,480x360,,,,,,
Evening At Pops,,Default Unit,,Repertoire Night,2500-01-01,,,,,,,,REPERTOIRE NIGHT,Backup master (WGBH program),local,,general,,,,,,,,,,,,,,,,,video recording identifier,144076,,,barcode144076.mkv,,,https://avalon.wgbh.org/hls/avalon/23033/barcode144076/PreservationMaster/barcode144076.mp4/master.m3u8,,,,,,,480,360,,,,,4:3,480x360,,,,,,
Evening At Pops,,Default Unit,,Repertoire Night,2500-01-01,,,,,,,,REPERTOIRE NIGHT,Backup master (WGBH program),local,,general,,,,,,,,,,,,,,,,,video recording identifier,144077,,,barcode144077.mkv,,,https://avalon.wgbh.org/hls/avalon/barcode144077.mp4/master.m3u8,,,,,,,480,360,,,,,4:3,480x360,,,,,,
Evening At Pops,,Default Unit,,Repertoire Night,2500-01-01,,,,,,,,REPERTOIRE NIGHT,Backup master (WGBH program),local,,general,,,,,,,,,,,,,,,,,video recording identifier,144079,,,barcode144079.mkv,,,https://avalon.wgbh.org/hls/avalon/barcode144079.mp4/master.m3u8,,,,,,,480,360,,,,,4:3,480x360,,,,,,
"Club, The",,Default Unit,,THE CLUB,2500-01-01,,,,,,,,#3163 - 3164 - NOBLE/LUNA,Green Label Master (WGBH program),local,,general,,,,,,,,,,,,,,,,,video recording identifier,144085,,,barcode144085.mkv,,,https://avalon.wgbh.org/hls/avalon/barcode144085.mp4/master.m3u8,,,,,,,480,360,,,,,4:3,480x360,,,,,,
"Club, The",,Default Unit,,THE CLUB,2500-01-01,,,,,,,,#3165 - 3168 FRINGE,Green Label Master (WGBH program),local,,general,,,,,,,,,,,,,,,,,video recording identifier,144086,,,barcode144086.mkv,,,https://avalon.wgbh.org/hls/avalon/barcode144086.mp4/master.m3u8,,,,,,,480,360,,,,,4:3,480x360,,,,,,
"Club, The",,Default Unit,,THE CLUB,2500-01-01,,,,,,,,#3168 - 3169 - FRINGE,Green Label Master (WGBH program),local,,general,,,,,,,,,,,,,,,,,video recording identifier,144087,,,barcode144087.mkv,,,https://avalon.wgbh.org/hls/avalon/barcode144087.mp4/master.m3u8,,,,,,,480,360,,,,,4:3,480x360,,,,,,
"Club, The",,Default Unit,,THE CLUB,2500-01-01,,,,,,,,NOBLE/LUNA 3160 - 3162,Green Label Master (WGBH program),local,,general,,,,,,,,,,,,,,,,,video recording identifier,144088,,,barcode144088.mkv,,,https://avalon.wgbh.org/hls/avalon/barcode144088.mp4/master.m3u8,,,,,,,480,360,,,,,4:3,480x360,,,,,,
"Club, The",,Default Unit,,THE CLUB,2500-01-01,,,,,,,,#3026 - 3028 - STRINGS,Green Label Master (WGBH program),local,,general,,,,,,,,,,,,,,,,,video recording identifier,144089,,,barcode144089.mkv,,,https://avalon.wgbh.org/hls/avalon/barcode144089.mp4/master.m3u8,,,,,,,480,360,,,,,4:3,480x360,,,,,,
"Club, The",,Default Unit,,THE CLUB,2500-01-01,,,,,,,,#3034 - 3035 - JOHNNY WHITE,Green Label Master (WGBH program),local,,general,,,,,,,,,,,,,,,,,video recording identifier,144090,,,barcode144090.mkv,,,https://avalon.wgbh.org/hls/avalon/barcode144090.mp4/master.m3u8,,,,,,,480,360,,,,,4:3,480x360,,,,,,
"Club, The",,Default Unit,,THE CLUB,2500-01-01,,,,,,,,TINA WELCH 3041 - 3042,Green Label Master (WGBH program),local,,general,,,,,,,,,,,,,,,,,video recording identifier,144091,,,barcode144091.mkv,,,https://avalon.wgbh.org/hls/avalon/barcode144091.mp4/master.m3u8,,,,,,,480,360,,,,,4:3,480x360,,,,,,
"Club, The",,Default Unit,,THE CLUB,2500-01-01,,,,,,,,RIGHTEOUS JAZZ 3046 - 3048,Green Label Master (WGBH program),local,,general,,,,,,,,,,,,,,,,,video recording identifier,144092,,,barcode144092.mkv,,,https://avalon.wgbh.org/hls/avalon/barcode144092.mp4/master.m3u8,,,,,,,480,360,,,,,4:3,480x360,,,,,,
"Club, The",,Default Unit,,THE CLUB,2500-01-01,,,,,,,,COLUMBUS EAST 3051 - 3053,Green Label Master (WGBH program),local,,general,,,,,,,,,,,,,,,,,video recording identifier,144093,,,barcode144093.mkv,,,https://avalon.wgbh.org/hls/avalon/23033/barcode144093/PreservationMaster/barcode144093.mp4/master.m3u8,,,,,,,480,360,,,,,4:3,480x360,,,,,,
Artist's Showcase,,Default Unit,,ARTIST'S SHOWCASE,2500-01-01,,,,,,,,ARTIST SHOWCASE 3061-3063,Green Label Master (WGBH program),local,,general,,,,,,,,,,,,,,,,,video recording identifier,144094,,,barcode144094.mkv,,,https://avalon.wgbh.org/hls/avalon/23033/barcode144094/PreservationMaster/barcode144094.mp4/master.m3u8,,,,,,,480,360,,,,,4:3,480x360,,,,,,
"Club, The",,Default Unit,,THE CLUB,2500-01-01,,,,,,,,INDIGOES 3066 - 3068,Green Label Master (WGBH program),local,,general,,,,,,,,,,,,,,,,,video recording identifier,144095,,,barcode144095.mkv,,,https://avalon.wgbh.org/hls/avalon/barcode144095.mp4/master.m3u8,,,,,,,480,360,,,,,4:3,480x360,,,,,,
"Club, The",,Default Unit,,THE CLUB,2500-01-01,,,,,,,,#3148 - 3149 - LUNA CAVETT,Green Label Master (WGBH program),local,,general,,,,,,,,,,,,,,,,,video recording identifier,144110,,,barcode144110.mkv,,,https://avalon.wgbh.org/hls/avalon/23033/barcode144110/PreservationMaster/barcode144110.mp4/master.m3u8,,,,,,,480,360,,,,,4:3,480x360,,,,,,
Masterpiece Theatre,,Default Unit,,Crime and Punishment (General Season Record),1980-10-19,,,,,,,,104,Backup master (WGBH program),local,,general,,,,,,,,,,,,,,,,,video recording identifier,144570,,,barcode144570.mkv,,,https://avalon.wgbh.org/hls/avalon/barcode144570.mp4/master.m3u8,,,,,,,480,360,,,,,4:3,480x360,,,,,,
"New Voice, The",,Default Unit,,"NEW VOICE, THE",2500-01-01,,,,,,,,GENERIC PROMOS,Promo,local,,general,,,,,,,,,,,,,,,,,video recording identifier,144575,,,barcode144575.mkv,,,https://avalon.wgbh.org/hls/avalon/barcode144575.mp4/master.m3u8,,,,,,,480,360,,,,,4:3,480x360,,,,,,
Victory Garden,,Default Unit,,Victory Garden 612,2500-01-01,,,,,,,,,Backup master (WGBH program),local,,general,,,,,,,,,,,,,,,,,video recording identifier,144577,,,barcode144577.mkv,,,https://avalon.wgbh.org/hls/avalon/barcode144577.mp4/master.m3u8,,,,,,,480,360,,,,,4:3,480x360,,,,,,
Unsorted Programs,,Default Unit,,(Untitled Program),2500-01-01,,,,,,,,ORIG.FOR FALL VIEWER SPOTS,Promo,local,,general,,,,,,,,,,,,,,,,,video recording identifier,144578,,,barcode144578.mkv,,,https://avalon.wgbh.org/hls/avalon/barcode144578.mp4/master.m3u8,,,,,,,480,360,,,,,4:3,480x360,,,,,,
Evening At Pops,,Default Unit,,"Christmas At Pops, A (1981)",1905-06-03,,,,,,,,CHRISTMAS AT POPS 1981,Distribution dub,local,,general,,,,,,,,,,,,,,,,,video recording identifier,258161,,,,,,https://avalon.wgbh.org/hls/avalon/nothing/master.m3u8,,,,,,,480,360,,,,,4:3,480x360,,,,,,
Race To Save The Planet,,Default Unit,,"Waste Not, Want Not",2500-01-01,,,,,,,,"WASTE NOT, WANT NOT/ IT NEEDS POLITICAL DECISIONS",PBS backup,local,,general,,,,,,,,,,,"Environmental Science, Peoples of Southeast Asia, Peoples of Northern Europe, Politics and Government, Social Issues, Peoples of Southern Africa",,,,,,video recording identifier,90950,,,barcode90950.mov,,,https://avalon.wgbh.org/hls/avalon/22807/barcode90950/Preservation Master/barcode90950.mp4/master.m3u8,,,,,,,480,360,,,,,4:3,480x360,,,,,,
Say Brother,,Default Unit,,Road to Empowerment: A Political Case Study,1992-02-13,,,,,,,,,Green Label Master (WGBH program),local,,general,,,,,,,,,,,,,,,,,video recording identifier,181664,,,barcode181664.mkv,,,https://avalon.wgbh.org/hls/avalon/barcode181664.mp4/master.m3u8,,,,,,,480,360,,,,,4:3,480x360,,,,,,
Say Brother,,Default Unit,,"Teens, Sex and AIDS: Frankly Speaking",1992-01-30,,,,,,,,,Green Label Master (WGBH program),local,,general,,,,,,,,,,,,,,,,,video recording identifier,20588,,,barcode20588.mkv,,,https://avalon.wgbh.org/hls/avalon/barcode20588.mp4/master.m3u8,,,,,,,480,360,,,,,4:3,480x360,,,,,,
Say Brother,,Default Unit,,Remembering Brother Malcolm,1992-11-26,,,,,,,,(with new open),Green Label Master (WGBH program),local,,general,,,,,,,,,,,,,,,,,video recording identifier,181677,,,barcode181677.mkv,,,https://avalon.wgbh.org/hls/avalon/barcode181677.mp4/master.m3u8,,,,,,,480,360,,,,,4:3,480x360,,,,,,
The Group,,Default Unit,,Genetic Engineering,1991-11-04,,,,,,,,11/4/91 Genetic Engineering,Green Label Master (WGBH program),local,,general,,,,,,,,,,,,,,,,,video recording identifier,10986,,,barcode10986.mkv,,,https://avalon.wgbh.org/hls/avalon/23033/barcode10986/PreservationMaster/barcode10986.mp4/master.m3u8,,,,,,,480,360,,,,,4:3,480x360,,,,,,
The Group,,Default Unit,,Repeat Offenders,1993-10-12,,,,,,,,10/12/93 Repeat Offenders,Green Label Master (WGBH program),local,,general,,,,,,,,,,,,,,,,,video recording identifier,11536,,,barcode11536.mkv,,,https://avalon.wgbh.org/hls/avalon/23033/barcode11536/PreservationMaster/barcode11536.mp4/master.m3u8,,,,,,,480,360,,,,,4:3,480x360,,,,,,
The Group,,Default Unit,,pope and morality,1993-10-11,,,,,,,,10/11/93 The Pope's Encyclical,Green Label Master (WGBH program),local,,general,,,,,,,,,,,,,,,,,video recording identifier,11569,,,barcode11569.mkv,,,https://avalon.wgbh.org/hls/avalon/23033/barcode11569/PreservationMaster/barcode11569.mp4/master.m3u8,,,,,,,480,360,,,,,4:3,480x360,,,,,,
The Group,,Default Unit,,Fall TV Season,1993-10-13,,,,,,,,10/13/93 The Fall TV Season,Green Label Master (WGBH program),local,,general,,,,,,,,,,,,,,,,,video recording identifier,11570,,,barcode11570.mkv,,,https://avalon.wgbh.org/hls/avalon/23033/barcode11570/PreservationMaster/barcode11570.mp4/master.m3u8,,,,,,,480,360,,,,,4:3,480x360,,,,,,
Ten O'Clock News,,Default Unit,,Ten O'Clock News,1982-12-06,,,,,,,,"Collection of briefs, VOT/SOTs, and stories on: 1) Boston Herald American unions and sale to Rupert Murdoch; newspapers in sidewalk vending box, plant exterior, comments from employees. Interview with Australian journalist Nigel Wade, Michael Wheeler, Stephen Mindich. 2) Hotel workers union fights for better wages and benefits, threatens strike, gets settlement. Cooks, maid, doorman at work. Studio interview with Local 26 president Domenic Bozzotto.",News Tape,local,,general,,,,,,,,,,,,,,,,,video recording identifier,295315,,,barcode295315.mkv,,,https://avalon.wgbh.org/hls/avalon/barcode295315.mp4/master.m3u8,,,,,,,480,360,,,,,4:3,480x360,,,,,,
Ten O'Clock News,,Default Unit,,Ten O'Clock News,1989-03-21,,,,,,,,"1) Operation Rescue prepares for protest at St. Agatha's Church in Milton. Mildred Jefferson, Bill Baird. Pro-choice march outside church. 2) Cocaine abuse among white collar people. 3) Aflatoxin - liver carcinogen produced by fungus on drought-affected corn. 4) Interview with Rep. Frank Hynes and Sen. Michael Barrett on legislators earning outside income. 5) Felicia Lamport verse on John Tower's dilemma. Anchors Lydon and Fields.

 Length: 27.38",News Tape,local,,general,,,,,,,,,,,,,,,,,video recording identifier,249383,,,barcode249383.mkv,,,https://avalon.wgbh.org/hls/avalon/23033/barcode249383/PreservationMaster/barcode249383.mp4/master.m3u8,,,,,,,480,360,,,,,4:3,480x360,,,,,,
Ten O'Clock News,,Default Unit,,Ten O'Clock News,1976-01-01,,,,,,,,"Failed GOP 1988 presidential candidates - Jack Kemp, two spots ""Oil Prices"" and ""Block the Cut"" by Campaign Consultants, Inc.",News Tape,local,,general,,,,,,,,,,,,,,,,,video recording identifier,200927,,,barcode200927.mkv,,,https://avalon.wgbh.org/hls/avalon/23033/barcode200927/PreservationMaster/barcode200927.mp4/master.m3u8,,,,,,,480,360,,,,,4:3,480x360,,,,,,
Evening At Pops,,Default Unit,,Peggy Lee,2500-01-01,,,,,,,,D,Original recording,local,,general,,,,,,,,,,,,,,,,,video recording identifier,230095,,,,,,https://avalon.wgbh.org/hls/avalon/nothing/master.m3u8,,,,,,,480,360,,,,,4:3,480x360,,,,,,
Evening At Pops,,Default Unit,,Manhattan Transfer,2500-01-01,,,,,,,,"Orchestral performance of movie music. Songs performed include ""There's No Business Like Show Business,"" ""When You Wish Upon A Star,"" ""Moon River,"" and ""Somewhere Over The Rainbow.""",Original recording,local,Performance for a Live Audience,general,,,,,Performance for a Live Audience,,,,,,"Music, Performing Arts",,,,,,video recording identifier,231648,,,barcode231648_01.wav,,,https://avalon.wgbh.org/hls/avalon/barcode231648_01.mp4/master.m3u8,,,,,,,480,360,,,,,4:3,480x360,,,,,,
Evening At Pops,,Default Unit,,Manhattan Transfer,2500-01-01,,,,,,,,TV #2 BACKUP RL #2,Original recording,local,Recorded Music,general,,,,,Recorded Music,,,,,,,,,,,,video recording identifier,231653,,,barcode231653_01.wav,,,https://avalon.wgbh.org/hls/avalon/barcode231653_01.mp4/master.m3u8,,,,,,,480,360,,,,,4:3,480x360,,,,,,
Evening At Pops,,Default Unit,,Manhattan Transfer,2500-01-01,,,,,,,,TV 2 LINE RL 1 -FESTIVE OV,Original recording,local,Recorded Music,general,,,,,Recorded Music,,,,,,Music,,,,,,video recording identifier,231654,,,barcode231654_01_a.wav,,,https://avalon.wgbh.org/hls/avalon/barcode231654_01_a.mp4/master.m3u8,,,,,,,480,360,,,,,4:3,480x360,,,,,,
Evening At Pops,,Default Unit,,"Peter, Paul And Mary",2500-01-01,,,,,,,,D,Original recording,local,,general,,,,,,,,,,,,,,,,,video recording identifier,231806,,,barcode231806_01_a.wav,,,https://avalon.wgbh.org/hls/avalon/23065/barcode231806/PreservationMaster/barcode231806_01_a.mp4/master.m3u8,,,,,,,480,360,,,,,4:3,480x360,,,,,,
FRONTLINE,,Default Unit,,Behind the Mask: The IRA and Sinn Fein,1997-10-21,,,,,,,,IRA - replacement section - 2:16:40,Audio Master (full mix),local,,general,,,,,,,,,,,,,,,,,video recording identifier,167706,,,barcode167706_01.wav,,,https://avalon.wgbh.org/hls/avalon/22980/barcode167706/PreservationMaster/barcode167706_01.mp4/master.m3u8,,,,,,,480,360,,,,,4:3,480x360,,,,,,
NOVA,,Default Unit,,Shark Attack! (Sharks),1996-11-19,,,,,,,,,Green Label Master (WGBH program),local,,general,,,,,,,,,,,,,,,,,video recording identifier,181822,,,barcode181822.mkv,,,https://avalon.wgbh.org/hls/avalon/barcode181822.mp4/master.m3u8,,,,,,,480,360,,,,,4:3,480x360,,,,,,
NOVA,,Default Unit,,Titanic's Lost Sister (Britannic),1997-01-28,,,,,,,,,Green Label Master (WGBH program),local,,general,,,,,,,,,,,,,,,,,video recording identifier,181821,,,barcode181821.mkv,,,https://avalon.wgbh.org/hls/avalon/barcode181821.mp4/master.m3u8,,,,,,,480,360,,,,,4:3,480x360,,,,,,
"World, The",,Default Unit,,"World, The (General Series)",1998-06-05,,,,,,,,"6/5/1998
 3 PM AIRTIME",Radio program (Master),local,,general,,,,,,,,,,,,,,,,,video recording identifier,174430,,,barcode174430_01.wav,,,https://avalon.wgbh.org/hls/avalon/22980/barcode174430/PreservationMaster/barcode174430_01.mp4/master.m3u8,,,,,,,480,360,,,,,4:3,480x360,,,,,,
"French Chef, The",,Default Unit,,THE FRENCH CHEF,2500-01-01,,,,,,,,"Audio reel from early French Chef program. Contains eight minute cooking segment and two “same endings”. Material undated. Transfer of material made 8/1/ 98, Transfer #2.",Audio dub,local,,general,,,,,,,,,,,,,,,,,video recording identifier,157979,,,barcode157979_01.wav,,,https://avalon.wgbh.org/hls/avalon/22980/barcode157979/PreservationMaster/barcode157979_01.mp4/master.m3u8,,,,,,,480,360,,,,,4:3,480x360,,,,,,
"French Chef, The",,Default Unit,,THE FRENCH CHEF,2500-01-01,,,,,,,,"Music reel from French Chef program. “Original B & W Theme I”. Material undated. Transfer of material made 8/1/ 98, Transfer #3.",Music,local,,general,,,,,,,,,,,,,,,,,video recording identifier,110788,,,barcode110788_01.wav,,,https://avalon.wgbh.org/hls/avalon/22980/barcode110788/PreservationMaster/barcode110788_01.mp4/master.m3u8,,,,,,,480,360,,,,,4:3,480x360,,,,,,
"French Chef, The",,Default Unit,,THE FRENCH CHEF,2500-01-01,,,,,,,,"Music reel from French Chef program. “Original B & W 1st Theme ”, “Ruth’s Copy”. Material undated. Transfer of material made 8/1/ 98, Transfer #4.",Music,local,,general,,,,,,,,,,,,,,,,,video recording identifier,134146,,,barcode134146_01.wav,,,https://avalon.wgbh.org/hls/avalon/22980/barcode134146/PreservationMaster/barcode134146_01.mp4/master.m3u8,,,,,,,480,360,,,,,4:3,480x360,,,,,,
WGBH Archives Historical Collection,,Default Unit,,WGBH ARCHIVES HISTORICAL COLLECTION (GENERAL),1961-10-14,,,,,,,,"Donald Quayle: “Statement immediately after sign-on”. 10/14/1961. Transfer of material made 8/1/ 98, Transfer #5.",Audio dub,local,,general,,,,,,,,,,,,,,,,,video recording identifier,157986,,,barcode157986_01.wav,,,https://avalon.wgbh.org/hls/avalon/22980/barcode157986/PreservationMaster/barcode157986_01.mp4/master.m3u8,,,,,,,480,360,,,,,4:3,480x360,,,,,,
WGBH Archives Historical Collection,,Default Unit,,WGBH ARCHIVES HISTORICAL COLLECTION (GENERAL),2500-01-01,,,,,,,,"“Old FM Promo Carts/’GBH.” Original material undated. Transfer of material made 8/1/ 98, Transfer #6.",Audio dub,local,,general,,,,,,,,,,,,,,,,,video recording identifier,157989,,,barcode157989_01.wav,,,https://avalon.wgbh.org/hls/avalon/22980/barcode157989/PreservationMaster/barcode157989_01.mp4/master.m3u8,,,,,,,480,360,,,,,4:3,480x360,,,,,,
WGBH Archives Historical Collection,,Default Unit,,WGBH ARCHIVES HISTORICAL COLLECTION (GENERAL),1967-02-03,,,,,,,,"“ Lowell Institute 20th Anniversary.” Ivor A. Richards reads from Plato’s Republic recreating first Lowell Institute broadcast of 2/3/1947. Original material dated 2/3/1967. Transfer of material made 8/1/ 98, Transfer #7.",Audio dub,local,,general,,,,,,,,,,,,,,,,,video recording identifier,157992,,,barcode157992_01.wav,,,https://avalon.wgbh.org/hls/avalon/22980/barcode157992/PreservationMaster/barcode157992_01.mp4/master.m3u8,,,,,,,480,360,,,,,4:3,480x360,,,,,,
WGBH Archives Historical Collection,,Default Unit,,WGBH ARCHIVES HISTORICAL COLLECTION (GENERAL),1963-04-26,,,,,,,,"Fundraising Dinner /Program-4/26/1963. “Voices: T. F. Conley, BC, Lyons, Leverett Saltonstall, Pres. Kennedy on Cuba Crisis, Dean Rusk, Adlai Stevenson (?) of Security Council, G. Wllace Woodworth, JFK at BU convocation, Robert Frost, Fund Pitch. WWP at BSO.” Transfer of material made 8/1/ 98, Transfer #8.",Audio dub,local,,general,,,,,,,,,,,,,,,,,video recording identifier,157995,,,barcode157995_01.wav,,,https://avalon.wgbh.org/hls/avalon/22980/barcode157995/PreservationMaster/barcode157995_01.mp4/master.m3u8,,,,,,,480,360,,,,,4:3,480x360,,,,,,
"French Chef, The",,Default Unit,,THE FRENCH CHEF,2500-01-01,,,,,,,,"“French Chef Theme Audition Copy-Not for air. Piano only version of French Chef theme with other interesting auditions.” Transfer of material made 8/2/ 98, Transfer #11.",Music,local,,general,,,,,,,,,,,,,,,,,video recording identifier,134145,,,barcode134145_01.wav,,,https://avalon.wgbh.org/hls/avalon/22980/barcode134145/PreservationMaster/barcode134145_01.mp4/master.m3u8,,,,,,,480,360,,,,,4:3,480x360,,,,,,
WGBH Archives Historical Collection,,Default Unit,,WGBH ARCHIVES HISTORICAL COLLECTION (GENERAL),1905-05-14,,,,,,,,"“Station History (announce tape from fire week).” Original material taped 10/1961, dubbed 1/1980. Transfer of material made 8/2/ 98, Transfer #12.",Audio dub,local,,general,,,,,,,,,,,,,,,,,video recording identifier,158007,,,barcode158007_01.wav,,,https://avalon.wgbh.org/hls/avalon/22980/barcode158007/PreservationMaster/barcode158007_01.mp4/master.m3u8,,,,,,,480,360,,,,,4:3,480x360,,,,,,
"Note To You, A",,Default Unit,,"Appassionata Sonata, The",1998-02-08,,,,,,,,"9701
 Note: DAT cassette is contained in “5 inch reel” box",Radio program (Master),local,,general,,,,,,,,,,,,,,,,,video recording identifier,37938,,,barcode37938_01.wav,,,https://avalon.wgbh.org/hls/avalon/22980/barcode37938/PreservationMaster/barcode37938_01.mp4/master.m3u8,,,,,,,480,360,,,,,4:3,480x360,,,,,,
"Note To You, A",,Default Unit,,"Music Shelf, The",2500-01-01,,,,,,,,"9702
 Note: DAT cassette is contained in “5 inch reel” box",Radio program (Master),local,,general,,,,,,,,,,,,,,,,,video recording identifier,37939,,,barcode37939_01.wav,,,https://avalon.wgbh.org/hls/avalon/22980/barcode37939/PreservationMaster/barcode37939_01.mp4/master.m3u8,,,,,,,480,360,,,,,4:3,480x360,,,,,,
"Note To You, A",,Default Unit,,Great Program Music: Romeo And Juliet,1996-12-21,,,,,,,,"9703
 Note: DAT cassette is contained in “5 inch reel” box",Radio program (Master),local,,general,,,,,,,,,,,,,,,,,video recording identifier,37940,,,barcode37940_01.wav,,,https://avalon.wgbh.org/hls/avalon/22980/barcode37940/PreservationMaster/barcode37940_01.mp4/master.m3u8,,,,,,,480,360,,,,,4:3,480x360,,,,,,
"Note To You, A",,Default Unit,,Mozart Sings,1996-12-11,,,,,,,,"9704
 Note: DAT cassette is contained in “5 inch reel” box",Radio program (Master),local,,general,,,,,,,,,,,,,,,,,video recording identifier,37941,,,barcode37941_01.wav,,,https://avalon.wgbh.org/hls/avalon/22980/barcode37941/PreservationMaster/barcode37941_01.mp4/master.m3u8,,,,,,,480,360,,,,,4:3,480x360,,,,,,
Unsorted Programs,,Default Unit,,(Untitled Program),2500-01-01,,,,,,,,24 track master,Audio Master (full mix),local,,general,,,,,,,,,,,,,,,,,video recording identifier,285460,,,barcode285460_01.wav,,,https://avalon.wgbh.org/hls/avalon/23065/barcode285460/PreservationMaster/barcode285460_01.mp4/master.m3u8,,,,,,,480,360,,,,,4:3,480x360,,,,,,
Unsorted Programs,,Default Unit,,Introduction To Owen Wingrave,1905-05-24,,,,,,,,"Container Notes: Issue 22-71; John Amis; background hiss. may be broadcast twice prior to 9.30.1971 and not thereafter, pls. return tape. Use as is or in conjunction with Opera Owen Wingrave",Radio program (Master),local,,general,,,,,,,,,,,,,,,,,video recording identifier,183415,,,barcode183415_01.wav,,,https://avalon.wgbh.org/hls/avalon/23065/barcode183415/PreservationMaster/barcode183415_01.mp4/master.m3u8,,,,,,,480,360,,,,,4:3,480x360,,,,,,
Et Cetera,,Default Unit,,Bringing It All Back Home,2500-01-01,,,,,,,,"Fred Barzyk, documentary about Bob Dylan's move from acoustic to electric - Bringing it All Back Home",Radio program (Master),local,,general,,,,,,,,,,,,,,,,,video recording identifier,183414,,,barcode183414_01.wav,,,https://avalon.wgbh.org/hls/avalon/23065/barcode183414/PreservationMaster/barcode183414_01.mp4/master.m3u8,,,,,,,480,360,,,,,4:3,480x360,,,,,,
Unsorted Programs,,Default Unit,,La Boheme,2500-01-01,,,,,,,,"Reel 2 of 5, MONO",Original recording,local,,general,,,,,,,,,,,,,,,,,video recording identifier,183413,,,barcode183413_01.wav,,,https://avalon.wgbh.org/hls/avalon/23065/barcode183413/PreservationMaster/barcode183413_01.mp4/master.m3u8,,,,,,,480,360,,,,,4:3,480x360,,,,,,
Unsorted Programs,,Default Unit,,La Boheme,2500-01-01,,,,,,,,Reel 3 of 5; Story of 3rd act of La Boheme; Nicholas Kasindis as Marcello; Elizabeth Feeney as Mimi; Rene Rencourt as Rudolph; Julia Shelley as Musette. MONO,Original recording,local,,general,,,,,,,,,,,,,,,,,video recording identifier,183412,,,barcode183412_01.wav,,,https://avalon.wgbh.org/hls/avalon/23065/barcode183412/PreservationMaster/barcode183412_01.mp4/master.m3u8,,,,,,,480,360,,,,,4:3,480x360,,,,,,
Unsorted Programs,,Default Unit,,La Boheme,2500-01-01,,,,,,,,"Reel 4 of 5, MONO",Original recording,local,,general,,,,,,,,,,,,,,,,,video recording identifier,183411,,,barcode183411_01.wav,,,https://avalon.wgbh.org/hls/avalon/23065/barcode183411/PreservationMaster/barcode183411_01.mp4/master.m3u8,,,,,,,480,360,,,,,4:3,480x360,,,,,,
Unsorted Programs,,Default Unit,,Tribute To Malvina Reynolds,2500-01-01,,,,,,,,songwriter,Radio program (Master),local,,general,,,,,,,,,,,,,,,,,video recording identifier,183410,,,barcode183410_01.wav,,,https://avalon.wgbh.org/hls/avalon/23065/barcode183410/PreservationMaster/barcode183410_01.mp4/master.m3u8,,,,,,,480,360,,,,,4:3,480x360,,,,,,
Unsorted Programs,,Default Unit,,Adlai Stevenson: Us Vietnam Policy,2500-01-01,,,,,,,,Indian Press review; correspondence included; 1. Reaction to U.S. actions in Santo Domingo; 2. Israeli-Arab relations discussed; 3. 20th anniversary of the fall of Nazi Germany; 4. Brief press editorials,Audio dub,local,,general,,,,,,,,,,,,,,,,,video recording identifier,183409,,,barcode183409_01.wav,,,https://avalon.wgbh.org/hls/avalon/23065/barcode183409/PreservationMaster/barcode183409_01.mp4/master.m3u8,,,,,,,480,360,,,,,4:3,480x360,,,,,,
La Plaza,,Default Unit,,Who's Cleaning Boston,1990-01-06,,,,,,,,• LA PLAZA - WHO'S CLEANING BOSTON #15,Original footage,local,,general,,,,,,,,,,,,,,,,,video recording identifier,192878,,,barcode192878.mkv,,,https://avalon.wgbh.org/hls/avalon/23033/barcode192878/PreservationMaster/barcode192878.mp4/master.m3u8,,,,,,,480,360,,,,,4:3,480x360,,,,,,
La Plaza,,Default Unit,,Who's Cleaning Boston,1990-01-06,,,,,,,,LA PLAZA - WHO'S CLEANING BOSTON #16,Original footage,local,,general,,,,,,,,,,,,,,,,,video recording identifier,192879,,,barcode192879.mkv,,,https://avalon.wgbh.org/hls/avalon/23033/barcode192879/PreservationMaster/barcode192879.mp4/master.m3u8,,,,,,,480,360,,,,,4:3,480x360,,,,,,
Science Journal,,Default Unit,,(Untitled Program),2500-01-01,,,,,,,,Science Journal: Pilot 89-897-022-001,Radio program (Master),local,,general,,,,,,,,,,,,,,,,,video recording identifier,150542,,,barcode150542_01.wav,,,https://avalon.wgbh.org/hls/avalon/23065/barcode150542/PreservationMaster/barcode150542_01.mp4/master.m3u8,,,,,,,480,360,,,,,4:3,480x360,,,,,,
WGBH Journal,,Default Unit,,WGBH JOURNAL,2500-01-01,,,,,,,,Host Greg Fitzgerald; Amy Sands reports on women in Boston's black community learning how to defend themselves with firearms; Henrietta Davis visits project SCALE that fights adult illiteracy; David Freudberg learns about the MBTA (Part 4 of a series on the T); Shelly Roth speaks to an environmental lobbyist who fights for non-smokers' rights.,Radio program (Master),local,Magazine,general,,,,,Magazine,,,,,,"Women and Women's History, Education, Local Communities, Transportation and Public Works, News and Current Events, US Ethnic Minorities, Medicine",,,,,,video recording identifier,229165,,,barcode229165_01.wav,,,https://avalon.wgbh.org/hls/avalon/barcode229165_01.mp4/master.m3u8,,,,,,,480,360,,,,,4:3,480x360,,,,,,
Reading Aloud,,Default Unit,,Stevenson : Mystery of Edwindrood,1979-01-31,,,,,,,,,Radio program (Master),local,,general,,,,,,,,,,,,,,,,,video recording identifier,155882,,,barcode155882_01.wav,,,https://avalon.wgbh.org/hls/avalon/23065/barcode155882/PreservationMaster/barcode155882_01.mp4/master.m3u8,,,,,,,480,360,,,,,4:3,480x360,,,,,,
Reading Aloud,,Default Unit,,Stevenson : Mystery of Edwindrood,1979-01-31,,,,,,,,,Radio program (Master),local,,general,,,,,,,,,,,,,,,,,video recording identifier,155886,,,barcode155886_01.wav,,,https://avalon.wgbh.org/hls/avalon/23065/barcode155886/PreservationMaster/barcode155886_01.mp4/master.m3u8,,,,,,,480,360,,,,,4:3,480x360,,,,,,
Reading Aloud,,Default Unit,,Stevenson : Mystery of Edwindrood,1979-01-31,,,,,,,,,Radio program (Master),local,,general,,,,,,,,,,,,,,,,,video recording identifier,155889,,,barcode155889_01.wav,,,https://avalon.wgbh.org/hls/avalon/23065/barcode155889/PreservationMaster/barcode155889_01.mp4/master.m3u8,,,,,,,480,360,,,,,4:3,480x360,,,,,,
Reading Aloud,,Default Unit,,Stevenson : Mystery of Edwindrood,1979-01-31,,,,,,,,,Radio program (Master),local,,general,,,,,,,,,,,,,,,,,video recording identifier,155891,,,barcode155891_01.wav,,,https://avalon.wgbh.org/hls/avalon/23065/barcode155891/PreservationMaster/barcode155891_01.mp4/master.m3u8,,,,,,,480,360,,,,,4:3,480x360,,,,,,
Reading Aloud,,Default Unit,,Dumas: The Three Musketeers,1979-07-24,,,,,,,,Reel 16 of 67,Radio program (Master),local,,general,,,,,,,,,,,,,,,,,video recording identifier,149240,,,barcode149240_01.wav,,,https://avalon.wgbh.org/hls/avalon/23065/barcode149240/PreservationMaster/barcode149240_01.mp4/master.m3u8,,,,,,,480,360,,,,,4:3,480x360,,,,,,
Reading Aloud,,Default Unit,,Dumas: The Three Musketeers,1979-07-24,,,,,,,,Reel 17 of 67,Radio program (Master),local,,general,,,,,,,,,,,,,,,,,video recording identifier,149241,,,barcode149241_01.wav,,,https://avalon.wgbh.org/hls/avalon/23065/barcode149241/PreservationMaster/barcode149241_01.mp4/master.m3u8,,,,,,,480,360,,,,,4:3,480x360,,,,,,
Ten O'Clock News,,Default Unit,,Ten O'Clock News,2500-01-01,,,,,,,,Field Tape: JIMMY CARTER IN FLORIDA,News Tape,local,,general,,,,,,,,,,,,,,,,,video recording identifier,194117,,,barcode194117.mkv,,,https://avalon.wgbh.org/hls/avalon/barcode194117.mp4/master.m3u8,,,,,,,480,360,,,,,4:3,480x360,,,,,,
Ten O'Clock News,,Default Unit,,Ten O'Clock News,2500-01-01,,,,,,,,field tape: JIMMY CARTER AFTER DEBATE,News Tape,local,,general,,,,,,,,,,,,,,,,,video recording identifier,194118,,,barcode194118.mkv,,,https://avalon.wgbh.org/hls/avalon/barcode194118.mp4/master.m3u8,,,,,,,480,360,,,,,4:3,480x360,,,,,,
Ten O'Clock News,,Default Unit,,Ten O'Clock News,2500-01-01,,,,,,,,Field Tape: JIMMY CARTER IN SOUTH,News Tape,local,,general,,,,,,,,,,,,,,,,,video recording identifier,194119,,,barcode194119.mkv,,,https://avalon.wgbh.org/hls/avalon/barcode194119.mp4/master.m3u8,,,,,,,480,360,,,,,4:3,480x360,,,,,,
Ten O'Clock News,,Default Unit,,Ten O'Clock News,2500-01-01,,,,,,,,Field Tape: COLUMBUS DAY PARADE,News Tape,local,,general,,,,,,,,,,,,,,,,,video recording identifier,194120,,,barcode194120.mkv,,,https://avalon.wgbh.org/hls/avalon/barcode194120.mp4/master.m3u8,,,,,,,480,360,,,,,4:3,480x360,,,,,,
Ten O'Clock News,,Default Unit,,Ten O'Clock News,2500-01-01,,,,,,,,Field Tape: JIMMY CARTER PLAINS,News Tape,local,,general,,,,,,,,,,,,,,,,,video recording identifier,194121,,,barcode194121.mkv,,,https://avalon.wgbh.org/hls/avalon/barcode194121.mp4/master.m3u8,,,,,,,480,360,,,,,4:3,480x360,,,,,,
Ten O'Clock News,,Default Unit,,Ten O'Clock News,2500-01-01,,,,,,,,Field Tape: JIMMY CARTER IN CALIFORNIA,News Tape,local,,general,,,,,,,,,,,,,,,,,video recording identifier,194122,,,barcode194122.mkv,,,https://avalon.wgbh.org/hls/avalon/barcode194122.mp4/master.m3u8,,,,,,,480,360,,,,,4:3,480x360,,,,,,
Ten O'Clock News,,Default Unit,,Ten O'Clock News,2500-01-01,,,,,,,,Field Tape: JIMMY CARTER GARMENT WORKERS,News Tape,local,,general,,,,,,,,,,,,,,,,,video recording identifier,194123,,,barcode194123.mkv,,,https://avalon.wgbh.org/hls/avalon/barcode194123.mp4/master.m3u8,,,,,,,480,360,,,,,4:3,480x360,,,,,,
Ten O'Clock News,,Default Unit,,Ten O'Clock News,2500-01-01,,,,,,,,Field Tape: JIMMY CARTER IN MISSOURI,News Tape,local,,general,,,,,,,,,,,,,,,,,video recording identifier,194124,,,barcode194124.mkv,,,https://avalon.wgbh.org/hls/avalon/barcode194124.mp4/master.m3u8,,,,,,,480,360,,,,,4:3,480x360,,,,,,
Ten O'Clock News,,Default Unit,,Ten O'Clock News,2500-01-01,,,,,,,,field tape: TED KENNEDY CONVENTION SPEECH,News Tape,local,,general,,,,,,,,,,,,,,,,,video recording identifier,194139,,,barcode194139.mkv,,,https://avalon.wgbh.org/hls/avalon/23033/barcode194139/PreservationMaster/barcode194139.mp4/master.m3u8,,,,,,,480,360,,,,,4:3,480x360,,,,,,
Ten O'Clock News,,Default Unit,,Ten O'Clock News,2500-01-01,,,,,,,,Field Tape: JIMMY CARTER IN MISSOURI,News Tape,local,,general,,,,,,,,,,,,,,,,,video recording identifier,194114,,,barcode194114.mkv,,,https://avalon.wgbh.org/hls/avalon/23033/barcode194114/PreservationMaster/barcode194114.mp4/master.m3u8,,,,,,,480,360,,,,,4:3,480x360,,,,,,
Ten O'Clock News,,Default Unit,,Ten O'Clock News,2500-01-01,,,,,,,,"Jimmy Carter - Ronald Reagan Debate, reel 1",News Tape,local,,general,,,,,,,,,,,,,,,,,video recording identifier,194112,,,barcode194112.mkv,,,https://avalon.wgbh.org/hls/avalon/23033/barcode194112/PreservationMaster/barcode194112.mp4/master.m3u8,,,,,,,480,360,,,,,4:3,480x360,,,,,,
Say Brother,,Default Unit,,Daufuskie Island: Land Where My Fathers Died,1991-02-21,,,,,,,,No Information,Original footage,local,,general,,,,,,,,,,,,,,,,,video recording identifier,227055,,,barcode227055.mkv,,,https://avalon.wgbh.org/hls/avalon/23033/barcode227055/PreservationMaster/barcode227055.mp4/master.m3u8,,,,,,,480,360,,,,,4:3,480x360,,,,,,
Say Brother,,Default Unit,,SAY BROTHER (General Series),1968-07-15,,,,,,,,Dr. Debra Prothrow-Stith swearing in part 1,Original footage,local,,general,,,,,,,,,,,,,,,,,video recording identifier,227431,,,barcode227431.mkv,,,https://avalon.wgbh.org/hls/avalon/23033/barcode227431/PreservationMaster/barcode227431.mp4/master.m3u8,,,,,,,480,360,,,,,4:3,480x360,,,,,,
Say Brother,,Default Unit,,SAY BROTHER (General Series),1968-07-15,,,,,,,,Dr. Debra Prothrow-Stith swearing in part 2,Original footage,local,,general,,,,,,,,,,,,,,,,,video recording identifier,227432,,,barcode227432.mkv,,,https://avalon.wgbh.org/hls/avalon/23033/barcode227432/PreservationMaster/barcode227432.mp4/master.m3u8,,,,,,,480,360,,,,,4:3,480x360,,,,,,
Say Brother,,Default Unit,,Crime And Punishment,1989-04-27,,,,,,,,Minister Don Muhammad on drugs part 1,Original footage,local,,general,,,,,,,,,,,,,,,,,video recording identifier,227433,,,barcode227433.mkv,,,https://avalon.wgbh.org/hls/avalon/23033/barcode227433/PreservationMaster/barcode227433.mp4/master.m3u8,,,,,,,480,360,,,,,4:3,480x360,,,,,,
Say Brother,,Default Unit,,Crime And Punishment,1989-04-27,,,,,,,,Minister Don Muhammad on drugs part 2,Original footage,local,,general,,,,,,,,,,,,,,,,,video recording identifier,227434,,,barcode227434.mkv,,,https://avalon.wgbh.org/hls/avalon/23033/barcode227434/PreservationMaster/barcode227434.mp4/master.m3u8,,,,,,,480,360,,,,,4:3,480x360,,,,,,
Say Brother,,Default Unit,,Crime And Punishment,1989-04-27,,,,,,,,Sonoma Street at night,Original footage,local,,general,,,,,,,,,,,,,,,,,video recording identifier,227436,,,barcode227436.mkv,,,https://avalon.wgbh.org/hls/avalon/23033/barcode227436/PreservationMaster/barcode227436.mp4/master.m3u8,,,,,,,480,360,,,,,4:3,480x360,,,,,,
Say Brother,,Default Unit,,Crime And Punishment,1989-04-27,,,,,,,,Amanda Houston interview,Original footage,local,,general,,,,,,,,,,,,,,,,,video recording identifier,227437,,,barcode227437.mkv,,,https://avalon.wgbh.org/hls/avalon/23033/barcode227437/PreservationMaster/barcode227437.mp4/master.m3u8,,,,,,,480,360,,,,,4:3,480x360,,,,,,
Say Brother,,Default Unit,,Crime And Punishment,1989-04-27,,,,,,,,Jack Cullen interview,Original footage,local,,general,,,,,,,,,,,,,,,,,video recording identifier,227435,,,barcode227435.mkv,,,https://avalon.wgbh.org/hls/avalon/23033/barcode227435/PreservationMaster/barcode227435.mp4/master.m3u8,,,,,,,480,360,,,,,4:3,480x360,,,,,,
Say Brother,,Default Unit,,SAY BROTHER (General Series),1968-07-15,,,,,,,,Paula Elliot and Friends Jazz band,Original footage,local,,general,,,,,,,,,,,,,,,,,video recording identifier,227705,,,barcode227705.mkv,,,https://avalon.wgbh.org/hls/avalon/23033/barcode227705/PreservationMaster/barcode227705.mp4/master.m3u8,,,,,,,480,360,,,,,4:3,480x360,,,,,,
Say Brother,,Default Unit,,SAY BROTHER (General Series),1968-07-15,,,,,,,,Beth Deare & Barbara Barrow-Murray speak 20 yrs,Original footage,local,,general,,,,,,,,,,,,,,,,,video recording identifier,228034,,,barcode228034.mkv,,,https://avalon.wgbh.org/hls/avalon/23033/barcode228034/PreservationMaster/barcode228034.mp4/master.m3u8,,,,,,,480,360,,,,,4:3,480x360,,,,,,
Say Brother,,Default Unit,,SAY BROTHER (General Series),1968-07-15,,,,,,,,Andrew Jones walking in neighborhood (Washington St. ),Original footage,local,,general,,,,,,,,,,,,,,,,,video recording identifier,228033,,,barcode228033.mkv,,,https://avalon.wgbh.org/hls/avalon/23033/barcode228033/PreservationMaster/barcode228033.mp4/master.m3u8,,,,,,,480,360,,,,,4:3,480x360,,,,,,
Say Brother,,Default Unit,,SAY BROTHER (General Series),1968-07-15,,,,,,,,Andrew Jones interview in his apartment,Original footage,local,,general,,,,,,,,,,,,,,,,,video recording identifier,228032,,,barcode228032.mkv,,,https://avalon.wgbh.org/hls/avalon/23033/barcode228032/PreservationMaster/barcode228032.mp4/master.m3u8,,,,,,,480,360,,,,,4:3,480x360,,,,,,
Say Brother,,Default Unit,,SAY BROTHER (General Series),1968-07-15,,,,,,,,Andrew Jones performing violin w/ symphony,Original footage,local,,general,,,,,,,,,,,,,,,,,video recording identifier,228031,,,barcode228031.mkv,,,https://avalon.wgbh.org/hls/avalon/23033/barcode228031/PreservationMaster/barcode228031.mp4/master.m3u8,,,,,,,480,360,,,,,4:3,480x360,,,,,,
Say Brother,,Default Unit,,Impressions,1985-10-24,,,,,,,,"""Impressions"" Danny Sloan dance company",Original footage,local,,general,,,,,,,,,,,,,,,,,video recording identifier,228030,,,barcode228030.mkv,,,https://avalon.wgbh.org/hls/avalon/23033/barcode228030/PreservationMaster/barcode228030.mp4/master.m3u8,,,,,,,480,360,,,,,4:3,480x360,,,,,,
Say Brother,,Default Unit,,SAY BROTHER (General Series),1968-07-15,,,,,,,,Sistren Theatre group interview,Original footage,local,,general,,,,,,,,,,,,,,,,,video recording identifier,228029,,,barcode228029.mkv,,,https://avalon.wgbh.org/hls/avalon/23033/barcode228029/PreservationMaster/barcode228029.mp4/master.m3u8,,,,,,,480,360,,,,,4:3,480x360,,,,,,
Say Brother,,Default Unit,,SAY BROTHER (General Series),1968-07-15,,,,,,,,A. Philip Randolph statue dedication part 1,Original footage,local,,general,,,,,,,,,,,,,,,,,video recording identifier,228028,,,barcode228028.mkv,,,https://avalon.wgbh.org/hls/avalon/23033/barcode228028/PreservationMaster/barcode228028.mp4/master.m3u8,,,,,,,480,360,,,,,4:3,480x360,,,,,,
Say Brother,,Default Unit,,SAY BROTHER (General Series),1968-07-15,,,,,,,,A.Philp Randolph statue dedication part 2,Original footage,local,,general,,,,,,,,,,,,,,,,,video recording identifier,228027,,,barcode228027.mkv,,,https://avalon.wgbh.org/hls/avalon/23033/barcode228027/PreservationMaster/barcode228027.mp4/master.m3u8,,,,,,,480,360,,,,,4:3,480x360,,,,,,
Say Brother,,Default Unit,,SAY BROTHER (General Series),1968-07-15,,,,,,,,A.Philp Randolph statue dedication part 3,Original footage,local,,general,,,,,,,,,,,,,,,,,video recording identifier,228026,,,barcode228026.mkv,,,https://avalon.wgbh.org/hls/avalon/23033/barcode228026/PreservationMaster/barcode228026.mp4/master.m3u8,,,,,,,480,360,,,,,4:3,480x360,,,,,,
Say Brother,,Default Unit,,SAY BROTHER (General Series),1968-07-15,,,,,,,,A.Philp Randolph Plaque/ Back Bay station,Original footage,local,,general,,,,,,,,,,,,,,,,,video recording identifier,228025,,,barcode228025.mkv,,,https://avalon.wgbh.org/hls/avalon/23033/barcode228025/PreservationMaster/barcode228025.mp4/master.m3u8,,,,,,,480,360,,,,,4:3,480x360,,,,,,
Say Brother,,Default Unit,,SAY BROTHER (General Series),1968-07-15,,,,,,,,A.Philp Randolph statue at rush hour.,Original footage,local,,general,,,,,,,,,,,,,,,,,video recording identifier,228024,,,barcode228024.mkv,,,https://avalon.wgbh.org/hls/avalon/23033/barcode228024/PreservationMaster/barcode228024.mp4/master.m3u8,,,,,,,480,360,,,,,4:3,480x360,,,,,,
Say Brother,,Default Unit,,SAY BROTHER (General Series),1968-07-15,,,,,,,,Tina Allen interview (sculptor) A.Phillip Randolph,Original footage,local,,general,,,,,,,,,,,,,,,,,video recording identifier,228023,,,barcode228023.mkv,,,https://avalon.wgbh.org/hls/avalon/23033/barcode228023/PreservationMaster/barcode228023.mp4/master.m3u8,,,,,,,480,360,,,,,4:3,480x360,,,,,,
Say Brother,,Default Unit,,SAY BROTHER (General Series),1968-07-15,,,,,,,,Theron Brown interview (S.C.P.) part 1,Original footage,local,,general,,,,,,,,,,,,,,,,,video recording identifier,228022,,,barcode228022.mkv,,,https://avalon.wgbh.org/hls/avalon/23033/barcode228022/PreservationMaster/barcode228022.mp4/master.m3u8,,,,,,,480,360,,,,,4:3,480x360,,,,,,
Say Brother,,Default Unit,,SAY BROTHER (General Series),1968-07-15,,,,,,,,Theron Brown interview (S.C.P.) part 2,Original footage,local,,general,,,,,,,,,,,,,,,,,video recording identifier,228021,,,barcode228021.mkv,,,https://avalon.wgbh.org/hls/avalon/23033/barcode228021/PreservationMaster/barcode228021.mp4/master.m3u8,,,,,,,480,360,,,,,4:3,480x360,,,,,,
Say Brother,,Default Unit,,SAY BROTHER (General Series),1968-07-15,,,,,,,,Badnick family interview part 1,Original footage,local,,general,,,,,,,,,,,,,,,,,video recording identifier,228020,,,barcode228020.mkv,,,https://avalon.wgbh.org/hls/avalon/23033/barcode228020/PreservationMaster/barcode228020.mp4/master.m3u8,,,,,,,480,360,,,,,4:3,480x360,,,,,,
Say Brother,,Default Unit,,SAY BROTHER (General Series),1968-07-15,,,,,,,,Badnick family interview part 2,Original footage,local,,general,,,,,,,,,,,,,,,,,video recording identifier,228019,,,barcode228019.mkv,,,https://avalon.wgbh.org/hls/avalon/23033/barcode228019/PreservationMaster/barcode228019.mp4/master.m3u8,,,,,,,480,360,,,,,4:3,480x360,,,,,,
Say Brother,,Default Unit,,SAY BROTHER (General Series),1968-07-15,,,,,,,,Hyannis: Walking tour of car w/Chef Chandler,Original footage,local,,general,,,,,,,,,,,,,,,,,video recording identifier,228018,,,barcode228018.mkv,,,https://avalon.wgbh.org/hls/avalon/23033/barcode228018/PreservationMaster/barcode228018.mp4/master.m3u8,,,,,,,480,360,,,,,4:3,480x360,,,,,,
Say Brother,,Default Unit,,SAY BROTHER (General Series),1968-07-15,,,,,,,,"Cox Bldg. opening/ Rev. Haynes, Cruz etc....",Original footage,local,,general,,,,,,,,,,,,,,,,,video recording identifier,227991,,,barcode227991.mkv,,,https://avalon.wgbh.org/hls/avalon/23033/barcode227991/PreservationMaster/barcode227991.mp4/master.m3u8,,,,,,,480,360,,,,,4:3,480x360,,,,,,
Say Brother,,Default Unit,,SAY BROTHER (General Series),1968-07-15,,,,,,,,Tenant Captains 1 tape #8,Original footage,local,,general,,,,,,,,,,,,,,,,,video recording identifier,227990,,,barcode227990.mkv,,,https://avalon.wgbh.org/hls/avalon/23033/barcode227990/PreservationMaster/barcode227990.mp4/master.m3u8,,,,,,,480,360,,,,,4:3,480x360,,,,,,
Say Brother,,Default Unit,,SAY BROTHER (General Series),1968-07-15,,,,,,,,Tenant Captains 2 / Tenant Assn. meeting tape #9,Original footage,local,,general,,,,,,,,,,,,,,,,,video recording identifier,227989,,,barcode227989.mkv,,,https://avalon.wgbh.org/hls/avalon/23033/barcode227989/PreservationMaster/barcode227989.mp4/master.m3u8,,,,,,,480,360,,,,,4:3,480x360,,,,,,
Say Brother,,Default Unit,,SAY BROTHER (General Series),1968-07-15,,,,,,,,Babatunde Olatunji : Workshop 1,Original footage,local,,general,,,,,,,,,,,,,,,,,video recording identifier,227988,,,barcode227988.mkv,,,https://avalon.wgbh.org/hls/avalon/23033/barcode227988/PreservationMaster/barcode227988.mp4/master.m3u8,,,,,,,480,360,,,,,4:3,480x360,,,,,,
Say Brother,,Default Unit,,SAY BROTHER (General Series),1968-07-15,,,,,,,,Babatunde Olatunji : Workshop 3,Original footage,local,,general,,,,,,,,,,,,,,,,,video recording identifier,228140,,,barcode228140.mkv,,,https://avalon.wgbh.org/hls/avalon/23033/barcode228140/PreservationMaster/barcode228140.mp4/master.m3u8,,,,,,,480,360,,,,,4:3,480x360,,,,,,
Say Brother,,Default Unit,,SAY BROTHER (General Series),1968-07-15,,,,,,,,Babatunde Olatunji interview 2,Original footage,local,,general,,,,,,,,,,,,,,,,,video recording identifier,228139,,,barcode228139.mkv,,,https://avalon.wgbh.org/hls/avalon/23033/barcode228139/PreservationMaster/barcode228139.mp4/master.m3u8,,,,,,,480,360,,,,,4:3,480x360,,,,,,
Say Brother,,Default Unit,,SAY BROTHER (General Series),1968-07-15,,,,,,,,"Elliott's stand ups, intro to Babatunde Olatunji",Original footage,local,,general,,,,,,,,,,,,,,,,,video recording identifier,228138,,,barcode228138.mkv,,,https://avalon.wgbh.org/hls/avalon/23033/barcode228138/PreservationMaster/barcode228138.mp4/master.m3u8,,,,,,,480,360,,,,,4:3,480x360,,,,,,
Say Brother,,Default Unit,,SAY BROTHER (General Series),1968-07-15,,,,,,,,Hattie Gossett interview,Original footage,local,,general,,,,,,,,,,,,,,,,,video recording identifier,228137,,,barcode228137.mkv,,,https://avalon.wgbh.org/hls/avalon/23033/barcode228137/PreservationMaster/barcode228137.mp4/master.m3u8,,,,,,,480,360,,,,,4:3,480x360,,,,,,
Say Brother,,Default Unit,,SAY BROTHER (General Series),1968-07-15,,,,,,,,"Hattie Gossett ""Back at Ya"" at Dudley station",Original footage,local,,general,,,,,,,,,,,,,,,,,video recording identifier,228136,,,barcode228136.mkv,,,https://avalon.wgbh.org/hls/avalon/23033/barcode228136/PreservationMaster/barcode228136.mp4/master.m3u8,,,,,,,480,360,,,,,4:3,480x360,,,,,,
Say Brother,,Default Unit,,In Search of the Blackamoor,1989-02-09,,,,,,,,James Spruill in (slo-mo),Original footage,local,,general,,,,,,,,,,,,,,,,,video recording identifier,228126,,,barcode228126.mkv,,,https://avalon.wgbh.org/hls/avalon/23033/barcode228126/PreservationMaster/barcode228126.mp4/master.m3u8,,,,,,,480,360,,,,,4:3,480x360,,,,,,
Say Brother,,Default Unit,,In Search of the Blackamoor,1989-02-09,,,,,,,,Elliott's stand-up 2,Original footage,local,,general,,,,,,,,,,,,,,,,,video recording identifier,228134,,,barcode228134.mkv,,,https://avalon.wgbh.org/hls/avalon/23033/barcode228134/PreservationMaster/barcode228134.mp4/master.m3u8,,,,,,,480,360,,,,,4:3,480x360,,,,,,
Say Brother,,Default Unit,,In Search of the Blackamoor,1989-02-09,,,,,,,,Elliott's stand-up 3,Original footage,local,,general,,,,,,,,,,,,,,,,,video recording identifier,228135,,,barcode228135.mkv,,,https://avalon.wgbh.org/hls/avalon/23033/barcode228135/PreservationMaster/barcode228135.mp4/master.m3u8,,,,,,,480,360,,,,,4:3,480x360,,,,,,
Ten O'Clock News,,Default Unit,,Ten O'Clock News,2500-01-01,,,,,,,,"Cameras in court Byrne interview reel 2
 Reporter: Griffith",News Tape,local,,general,,,,,,,,,,,,,,,,,video recording identifier,193811,,,barcode193811.mkv,,,https://avalon.wgbh.org/hls/avalon/23033/barcode193811/PreservationMaster/barcode193811.mp4/master.m3u8,,,,,,,480,360,,,,,4:3,480x360,,,,,,
Ten O'Clock News,,Default Unit,,Ten O'Clock News,1976-01-01,,,,,,,,"Cameras in court Byrne visual
 Reporter: Griffith",News Tape,local,,general,,,,,,,,,,,,,,,,,video recording identifier,193810,,,barcode193810.mkv,,,https://avalon.wgbh.org/hls/avalon/23033/barcode193810/PreservationMaster/barcode193810.mp4/master.m3u8,,,,,,,480,360,,,,,4:3,480x360,,,,,,
Ten O'Clock News,,Default Unit,,Ten O'Clock News,1976-01-01,,,,,,,,"Cameras in court Byrne visuals
 Reporter: Griffith",News Tape,local,,general,,,,,,,,,,,,,,,,,video recording identifier,193809,,,barcode193809.mkv,,,https://avalon.wgbh.org/hls/avalon/23033/barcode193809/PreservationMaster/barcode193809.mp4/master.m3u8,,,,,,,480,360,,,,,4:3,480x360,,,,,,
Ten O'Clock News,,Default Unit,,Ten O'Clock News,2500-01-01,,,,,,,,"Gays and Catholics, July 16
 Reporter: Meg Vaillancourt",News Tape,local,,general,,,,,,,,,,,,,,,,,video recording identifier,193945,,,barcode193945.mkv,,,https://avalon.wgbh.org/hls/avalon/23033/barcode193945/PreservationMaster/barcode193945.mp4/master.m3u8,,,,,,,480,360,,,,,4:3,480x360,,,,,,
Ten O'Clock News,,Default Unit,,Ten O'Clock News,2500-01-01,,,,,,,,"Pages, May 16
 Reporter: Meg Vaillancourt",News Tape,local,,general,,,,,,,,,,,,,,,,,video recording identifier,193941,,,barcode193941.mkv,,,https://avalon.wgbh.org/hls/avalon/23033/barcode193941/PreservationMaster/barcode193941.mp4/master.m3u8,,,,,,,480,360,,,,,4:3,480x360,,,,,,
Ten O'Clock News,,Default Unit,,Ten O'Clock News,2500-01-01,,,,,,,,"Georges Bank, July 9
 Reporter: Meg Vaillancourt",News Tape,local,,general,,,,,,,,,,,,,,,,,video recording identifier,193942,,,barcode193942.mkv,,,https://avalon.wgbh.org/hls/avalon/23033/barcode193942/PreservationMaster/barcode193942.mp4/master.m3u8,,,,,,,480,360,,,,,4:3,480x360,,,,,,
Ten O'Clock News,,Default Unit,,Ten O'Clock News,2500-01-01,,,,,,,,"Stevie Wonder
 Reporter: Meg Vaillancourt",News Tape,local,,general,,,,,,,,,,,,,,,,,video recording identifier,193943,,,barcode193943.mkv,,,https://avalon.wgbh.org/hls/avalon/23033/barcode193943/PreservationMaster/barcode193943.mp4/master.m3u8,,,,,,,480,360,,,,,4:3,480x360,,,,,,
Ten O'Clock News,,Default Unit,,Ten O'Clock News,2500-01-01,,,,,,,,"Duke / Drugs (SOT) Dec. 5
 Reporter: Meg Vaillancourt",News Tape,local,,general,,,,,,,,,,,,,,,,,video recording identifier,193939,,,barcode193939.mkv,,,https://avalon.wgbh.org/hls/avalon/barcode193939.mp4/master.m3u8,,,,,,,480,360,,,,,4:3,480x360,,,,,,
Ten O'Clock News,,Default Unit,,Ten O'Clock News,2500-01-01,,,,,,,,"Dubs 3: (BAD DUB) Computers, Traffic, Social Security, TV in the State House
 Reporter: Meg Vaillancourt",News Tape,local,,general,,,,,,,,,,,,,,,,,video recording identifier,193940,,,barcode193940.mkv,,,https://avalon.wgbh.org/hls/avalon/23033/barcode193940/PreservationMaster/barcode193940.mp4/master.m3u8,,,,,,,480,360,,,,,4:3,480x360,,,,,,
Ten O'Clock News,,Default Unit,,Ten O'Clock News,2500-01-01,,,,,,,,"Peter Sellars, Aug. 2
 Reporter: Meg Vaillancourt",News Tape,local,,general,,,,,,,,,,,,,,,,,video recording identifier,193933,,,barcode193933.mkv,,,https://avalon.wgbh.org/hls/avalon/23033/barcode193933/PreservationMaster/barcode193933.mp4/master.m3u8,,,,,,,480,360,,,,,4:3,480x360,,,,,,
Ten O'Clock News,,Default Unit,,Ten O'Clock News,2500-01-01,,,,,,,,"Agent Orange, May 7
 Reporter: Meg Vaillancourt",News Tape,local,,general,,,,,,,,,,,,,,,,,video recording identifier,193815,,,barcode193815.mkv,,,https://avalon.wgbh.org/hls/avalon/23033/barcode193815/PreservationMaster/barcode193815.mp4/master.m3u8,,,,,,,480,360,,,,,4:3,480x360,,,,,,
Ten O'Clock News,,Default Unit,,Ten O'Clock News,2500-01-01,,,,,,,,"Meg Vaillancourt field tape
 Men and Women Voters",News Tape,local,,general,,,,,,,,,,,,,,,,,video recording identifier,193814,,,barcode193814.mkv,,,https://avalon.wgbh.org/hls/avalon/23033/barcode193814/PreservationMaster/barcode193814.mp4/master.m3u8,,,,,,,480,360,,,,,4:3,480x360,,,,,,
Ten O'Clock News,,Default Unit,,Ten O'Clock News,2500-01-01,,,,,,,,"Meg Vaillancourt
 MDC dub from show tape",News Tape,local,,general,,,,,,,,,,,,,,,,,video recording identifier,193936,,,barcode193936.mkv,,,https://avalon.wgbh.org/hls/avalon/23033/barcode193936/PreservationMaster/barcode193936.mp4/master.m3u8,,,,,,,480,360,,,,,4:3,480x360,,,,,,
Ten O'Clock News,,Default Unit,,Ten O'Clock News,2500-01-01,,,,,,,,"Meg Vaillancourt field tape
 Citgo, Nov. 17",News Tape,local,,general,,,,,,,,,,,,,,,,,video recording identifier,193845,,,barcode193845.mkv,,,https://avalon.wgbh.org/hls/avalon/23033/barcode193845/PreservationMaster/barcode193845.mp4/master.m3u8,,,,,,,480,360,,,,,4:3,480x360,,,,,,
Ten O'Clock News,,Default Unit,,Ten O'Clock News,2500-01-01,,,,,,,,"Meg Vaillancourt field tape
 Spalding Gray, Oct. 1 (Air Date 10/19)
 Chronology: 1980s",News Tape,local,,general,,,,,,,,,,,,,,,,,video recording identifier,193937,,,barcode193937.mkv,,,https://avalon.wgbh.org/hls/avalon/23033/barcode193937/PreservationMaster/barcode193937.mp4/master.m3u8,,,,,,,480,360,,,,,4:3,480x360,,,,,,
Ten O'Clock News,,Default Unit,,Ten O'Clock News,2500-01-01,,,,,,,,"Meg Vaillancourt field tape
 High Tech Dub, Nov. 12
 Chronology: 1980s",News Tape,local,,general,,,,,,,,,,,,,,,,,video recording identifier,193938,,,barcode193938.mkv,,,https://avalon.wgbh.org/hls/avalon/23033/barcode193938/PreservationMaster/barcode193938.mp4/master.m3u8,,,,,,,480,360,,,,,4:3,480x360,,,,,,
Ten O'Clock News,,Default Unit,,Ten O'Clock News,2500-01-01,,,,,,,,"Meg Vaillancourt field tape
 Moon for the Misbegotten, Jan. 11
 Chronology: 1980s",News Tape,local,,general,,,,,,,,,,,,,,,,,video recording identifier,193846,,,barcode193846.mkv,,,https://avalon.wgbh.org/hls/avalon/23033/barcode193846/PreservationMaster/barcode193846.mp4/master.m3u8,,,,,,,480,360,,,,,4:3,480x360,,,,,,
Ten O'Clock News,,Default Unit,,Ten O'Clock News,2500-01-01,,,,,,,,"Meg Vaillancourt field tape
 Toxic Resolve, Sept. 5
 Chronology: 1980s",News Tape,local,,general,,,,,,,,,,,,,,,,,video recording identifier,193934,,,barcode193934.mkv,,,https://avalon.wgbh.org/hls/avalon/23033/barcode193934/PreservationMaster/barcode193934.mp4/master.m3u8,,,,,,,480,360,,,,,4:3,480x360,,,,,,
Ten O'Clock News,,Default Unit,,Ten O'Clock News,2500-01-01,,,,,,,,"Meg Vaillancourt
 Computers Master",News Tape,local,,general,,,,,,,,,,,,,,,,,video recording identifier,193935,,,barcode193935.mkv,,,https://avalon.wgbh.org/hls/avalon/23033/barcode193935/PreservationMaster/barcode193935.mp4/master.m3u8,,,,,,,480,360,,,,,4:3,480x360,,,,,,
Ten O'Clock News,,Default Unit,,Ten O'Clock News,1976-01-01,,,,,,,,"Ray Shamie as Republican US Senate candidate is compared to Reagan. Excerpt from debate with John Kerry sponsored by Herald. Clips from Reagan ad endorsing Shamie (in which he mispronounces Shamie's name), and Kerry ad in hardware store. Shamie criticizes Kerry for support of raising taxes to control deficit and fund domestic spending.

 Length: 4.18
 reporter: George",News Tape,local,,general,,,,,,,,,,,,,,,,,video recording identifier,113152,,,barcode113152.mkv,,,https://avalon.wgbh.org/hls/avalon/23033/barcode113152/PreservationMaster/barcode113152.mp4/master.m3u8,,,,,,,480,360,,,,,4:3,480x360,,,,,,
Ten O'Clock News,,Default Unit,,Ten O'Clock News,2500-01-01,,,,,,,,"Christy George field tape
 Navy at BC Jan. 21",News Tape,local,,general,,,,,,,,,,,,,,,,,video recording identifier,193839,,,barcode193839.mkv,,,https://avalon.wgbh.org/hls/avalon/barcode193839.mp4/master.m3u8,,,,,,,480,360,,,,,4:3,480x360,,,,,,
Ten O'Clock News,,Default Unit,,Ten O'Clock News,2500-01-01,,,,,,,,"Meg Vaillancourt field tape
 Education",News Tape,local,,general,,,,,,,,,,,,,,,,,video recording identifier,194140,,,barcode194140.mkv,,,https://avalon.wgbh.org/hls/avalon/23033/barcode194140/PreservationMaster/barcode194140.mp4/master.m3u8,,,,,,,480,360,,,,,4:3,480x360,,,,,,
NOVA,,Default Unit,,"KGB, the Computer and Me (The)",1990-10-02,,,,,,,,"Camera Rolls Y1, Y2
 Computer Espionage",Original footage,local,,general,,,,,,,,,,,,,,,,,video recording identifier,295954,,,barcode295954.mkv,,,https://avalon.wgbh.org/hls/avalon/23033/barcode295954/PreservationMaster/barcode295954.mp4/master.m3u8,,,,,,,480,360,,,,,4:3,480x360,,,,,,
NOVA,,Default Unit,,"KGB, the Computer and Me (The)",1990-10-02,,,,,,,,"Camera Rolls Y3, Y4
 Computer Espionage",Original footage,local,,general,,,,,,,,,,,,,,,,,video recording identifier,295953,,,barcode295953.mkv,,,https://avalon.wgbh.org/hls/avalon/23033/barcode295953/PreservationMaster/barcode295953.mp4/master.m3u8,,,,,,,480,360,,,,,4:3,480x360,,,,,,
NOVA,,Default Unit,,"KGB, the Computer and Me (The)",1990-10-02,,,,,,,,"Camera Rolls Y5, Y6
 Computer Espionage",Original footage,local,,general,,,,,,,,,,,,,,,,,video recording identifier,295952,,,barcode295952.mkv,,,https://avalon.wgbh.org/hls/avalon/barcode295952.mp4/master.m3u8,,,,,,,480,360,,,,,4:3,480x360,,,,,,
Say Brother,,Default Unit,,SAY BROTHER (General Series),1968-07-15,,,,,,,,Black Studies Teleconference part 5,Original footage,local,,general,,,,,,,,,,,,,,,,,video recording identifier,228048,,,barcode228048.mkv,,,https://avalon.wgbh.org/hls/avalon/23033/barcode228048/PreservationMaster/barcode228048.mp4/master.m3u8,,,,,,,480,360,,,,,4:3,480x360,,,,,,
Say Brother,,Default Unit,,SAY BROTHER (General Series),1968-07-15,,,,,,,,Black Studies Teleconference part 7,Original footage,local,,general,,,,,,,,,,,,,,,,,video recording identifier,228051,,,barcode228051.mkv,,,https://avalon.wgbh.org/hls/avalon/23033/barcode228051/PreservationMaster/barcode228051.mp4/master.m3u8,,,,,,,480,360,,,,,4:3,480x360,,,,,,
Say Brother,,Default Unit,,SAY BROTHER (General Series),1968-07-15,,,,,,,,Black Studies Teleconference part 8,Original footage,local,,general,,,,,,,,,,,,,,,,,video recording identifier,228050,,,barcode228050.mkv,,,https://avalon.wgbh.org/hls/avalon/23033/barcode228050/PreservationMaster/barcode228050.mp4/master.m3u8,,,,,,,480,360,,,,,4:3,480x360,,,,,,
Say Brother,,Default Unit,,SAY BROTHER (General Series),1968-07-15,,,,,,,,Black Studies Teleconference part 9,Original footage,local,,general,,,,,,,,,,,,,,,,,video recording identifier,228049,,,barcode228049.mkv,,,https://avalon.wgbh.org/hls/avalon/23033/barcode228049/PreservationMaster/barcode228049.mp4/master.m3u8,,,,,,,480,360,,,,,4:3,480x360,,,,,,
Say Brother,,Default Unit,,SAY BROTHER (General Series),1968-07-15,,,,,,,,"""Good News"" Gospel group @ Shiloh Baptist",Original footage,local,,general,,,,,,,,,,,,,,,,,video recording identifier,228036,,,barcode228036.mkv,,,https://avalon.wgbh.org/hls/avalon/23033/barcode228036/PreservationMaster/barcode228036.mp4/master.m3u8,,,,,,,480,360,,,,,4:3,480x360,,,,,,
Say Brother,,Default Unit,,Will Roxbury Secede,1986-03-20,,,,,,,,Councilor Bruce Bolling interview re: Roxbury secession 1986 pt 1,Original footage,local,,general,,,,,,,,,,,,,,,,,video recording identifier,228039,,,barcode228039.mkv,,,https://avalon.wgbh.org/hls/avalon/23033/barcode228039/PreservationMaster/barcode228039.mp4/master.m3u8,,,,,,,480,360,,,,,4:3,480x360,,,,,,
Say Brother,,Default Unit,,SAY BROTHER (General Series),1968-07-15,,,,,,,,1983 Boston Mayor visuals - exteriors of Mel King and Ray Flynn headquarters,Original footage,local,,general,,,,,,,,,,,,,,,,,video recording identifier,228038,,,barcode228038.mkv,,,https://avalon.wgbh.org/hls/avalon/23033/barcode228038/PreservationMaster/barcode228038.mp4/master.m3u8,,,,,,,480,360,,,,,4:3,480x360,,,,,,
Say Brother,,Default Unit,,SAY BROTHER (General Series),1968-07-15,,,,,,,,"""Good News"" - Shiloh Baptist Church",Original footage,local,,general,,,,,,,,,,,,,,,,,video recording identifier,228037,,,barcode228037.mkv,,,https://avalon.wgbh.org/hls/avalon/23033/barcode228037/PreservationMaster/barcode228037.mp4/master.m3u8,,,,,,,480,360,,,,,4:3,480x360,,,,,,
Say Brother,,Default Unit,,Malcolm X,1974-02-20,,,,,,,,"Malcolm X hats and apparel , B-Roll of people, Downtown Boston.",Original footage,local,,general,,,,,,,,,,,,,,,,,video recording identifier,229498,,,barcode229498.mkv,,,https://avalon.wgbh.org/hls/avalon/23033/barcode229498/PreservationMaster/barcode229498.mp4/master.m3u8,,,,,,,480,360,,,,,4:3,480x360,,,,,,
Say Brother,,Default Unit,,Malcolm X,1974-02-20,,,,,,,,"Malcolm Jarvis (""Shorty"" ), Malcolm X's friend, interview 1.",Original footage,local,,general,,,,,,,,,,,,,,,,,video recording identifier,229500,,,barcode229500.mkv,,,https://avalon.wgbh.org/hls/avalon/23033/barcode229500/PreservationMaster/barcode229500.mp4/master.m3u8,,,,,,,480,360,,,,,4:3,480x360,,,,,,
Say Brother,,Default Unit,,Malcolm X,1974-02-20,,,,,,,,"Malcolm Jarvis (""Shorty"" ), Malcolm X's friend, interview 2.",Original footage,local,,general,,,,,,,,,,,,,,,,,video recording identifier,229477,,,barcode229477.mkv,,,https://avalon.wgbh.org/hls/avalon/23033/barcode229477/PreservationMaster/barcode229477.mp4/master.m3u8,,,,,,,480,360,,,,,4:3,480x360,,,,,,
Say Brother,,Default Unit,,Malcolm X,1974-02-20,,,,,,,,"Malcolm Jarvis (""Shorty"" ), Malcolm X's friend, interview 3.",Original footage,local,,general,,,,,,,,,,,,,,,,,video recording identifier,229497,,,barcode229497.mkv,,,https://avalon.wgbh.org/hls/avalon/23033/barcode229497/PreservationMaster/barcode229497.mp4/master.m3u8,,,,,,,480,360,,,,,4:3,480x360,,,,,,
Say Brother,,Default Unit,,Malcolm X,1974-02-20,,,,,,,,"Richard DeLuca Trio w/ Malcolm Jarvis (""Shorty"" ) on trumpet 1.",Original footage,local,,general,,,,,,,,,,,,,,,,,video recording identifier,229476,,,barcode229476.mkv,,,https://avalon.wgbh.org/hls/avalon/23033/barcode229476/PreservationMaster/barcode229476.mp4/master.m3u8,,,,,,,480,360,,,,,4:3,480x360,,,,,,
Say Brother,,Default Unit,,Malcolm X,1974-02-20,,,,,,,,"Richard DeLuca Trio w/ Malcolm Jarvis (""Shorty"" ) on trumpet 2.",Original footage,local,,general,,,,,,,,,,,,,,,,,video recording identifier,229499,,,barcode229499.mkv,,,https://avalon.wgbh.org/hls/avalon/23033/barcode229499/PreservationMaster/barcode229499.mp4/master.m3u8,,,,,,,480,360,,,,,4:3,480x360,,,,,,
Say Brother,,Default Unit,,SAY BROTHER (General Series),1968-07-15,,,,,,,,"No Visible Means Of Support acapella performance in-studio, several takes.",Original footage,local,,general,,,,,,,,,,,,,,,,,video recording identifier,229383,,,barcode229383.mkv,,,https://avalon.wgbh.org/hls/avalon/barcode229383.mp4/master.m3u8,,,,,,,480,360,,,,,4:3,480x360,,,,,,
Say Brother,,Default Unit,,SAY BROTHER (General Series),1968-07-15,,,,,,,,"1992. Carol Moseley-Braun. footage shot in Chicago. Tape opens with footage of St. Patricks Day parade in Chicago, brief shot of Bill Clinton marching in parade.Exteriors of First Baptist Church of Chicago; speech by Carol Moseley-Braun",Original footage,local,,general,,,,,,,,,,,,,,,,,video recording identifier,100164,,,barcode100164.mkv,,,https://avalon.wgbh.org/hls/avalon/23033/barcode100164/PreservationMaster/barcode100164.mp4/master.m3u8,,,,,,,480,360,,,,,4:3,480x360,,,,,,
Say Brother,,Default Unit,,SAY BROTHER (General Series),1968-07-15,,,,,,,,Ruth Batson interview on Black Institutions,Original footage,local,,general,,,,,,,,,,,,,,,,,video recording identifier,117067,,,barcode117067.mkv,,,https://avalon.wgbh.org/hls/avalon/23033/barcode117067/PreservationMaster/barcode117067.mp4/master.m3u8,,,,,,,480,360,,,,,4:3,480x360,,,,,,
Say Brother,,Default Unit,,SAY BROTHER (General Series),1968-07-15,,,,,,,,"Robert Guillaume, performance singing",Original footage,local,,general,,,,,,,,,,,,,,,,,video recording identifier,229450,,,barcode229450.mkv,,,https://avalon.wgbh.org/hls/avalon/23033/barcode229450/PreservationMaster/barcode229450.mp4/master.m3u8,,,,,,,480,360,,,,,4:3,480x360,,,,,,
Say Brother,,Default Unit,,SAY BROTHER (General Series),1968-07-15,,,,,,,,"interview Maurice White and Philip Bailey of Earth, Wind and Fire",Original footage,local,,general,,,,,,,,,,,,,,,,,video recording identifier,229449,,,barcode229449.mkv,,,https://avalon.wgbh.org/hls/avalon/23033/barcode229449/PreservationMaster/barcode229449.mp4/master.m3u8,,,,,,,480,360,,,,,4:3,480x360,,,,,,
Say Brother,,Default Unit,,SAY BROTHER (General Series),1968-07-15,,,,,,,,"Earth, Wind, and Fire performance pt. 1",Original footage,local,,general,,,,,,,,,,,,,,,,,video recording identifier,229448,,,barcode229448.mkv,,,https://avalon.wgbh.org/hls/avalon/23033/barcode229448/PreservationMaster/barcode229448.mp4/master.m3u8,,,,,,,480,360,,,,,4:3,480x360,,,,,,
Say Brother,,Default Unit,,SAY BROTHER (General Series),1968-07-15,,,,,,,,"Earth, Wind, and Fire performance pt. 2",Original footage,local,,general,,,,,,,,,,,,,,,,,video recording identifier,229446,,,barcode229446.mkv,,,https://avalon.wgbh.org/hls/avalon/23033/barcode229446/PreservationMaster/barcode229446.mp4/master.m3u8,,,,,,,480,360,,,,,4:3,480x360,,,,,,
Crockett's Victory Garden,,Default Unit,,Victory Garden 417,1905-06-01,,,,,,,,Original Footage of Bob Thompsons's introduction to Crockett's Victory Garden. Thompson does multiple takes.,Green Label Master (WGBH program),local,Instructional,general,,,,,Instructional,,,,,,"Agriculture and Farming, Gardening",,,,,,video recording identifier,273402,,,barcode273402.mov,,,https://avalon.wgbh.org/hls/avalon/22807/barcode273402/Preservation Master/barcode273402.mp4/master.m3u8,,,,,,,480,360,,,,,4:3,480x360,,,,,,
NHK Music Project,,Default Unit,,Welcome to Austria,2500-01-01,,,,,,,,,Radio program (Master),local,,general,,,,,,,,,,,,,,,,,video recording identifier,227939,,,barcode227939_01.wav,,,https://avalon.wgbh.org/hls/avalon/23065/barcode227939/PreservationMaster/barcode227939_01.mp4/master.m3u8,,,,,,,480,360,,,,,4:3,480x360,,,,,,
Reading Aloud,,Default Unit,,Charles Dickens: Barnaby Rudge,1979-07-06,,,,,,,,A,Radio program (Master),local,,general,,,,,,,,,,,,,,,,,video recording identifier,203070,,,barcode203070_01.wav,,,https://avalon.wgbh.org/hls/avalon/23065/barcode203070/PreservationMaster/barcode203070_01.mp4/master.m3u8,,,,,,,480,360,,,,,4:3,480x360,,,,,,
Reading Aloud,,Default Unit,,Charles Dickens: Barnaby Rudge,1979-07-06,,,,,,,,B,Radio program (Master),local,,general,,,,,,,,,,,,,,,,,video recording identifier,203071,,,barcode203071_01.wav,,,https://avalon.wgbh.org/hls/avalon/23065/barcode203071/PreservationMaster/barcode203071_01.mp4/master.m3u8,,,,,,,480,360,,,,,4:3,480x360,,,,,,
Reading Aloud,,Default Unit,,Charles Dickens: Barnaby Rudge,1979-07-06,,,,,,,,C,Radio program (Master),local,,general,,,,,,,,,,,,,,,,,video recording identifier,203072,,,,,,https://avalon.wgbh.org/hls/avalon/nothing/master.m3u8,,,,,,,480,360,,,,,4:3,480x360,,,,,,
Reading Aloud,,Default Unit,,Charles Dickens: Barnaby Rudge,1979-07-06,,,,,,,,A,Radio program (Master),local,,general,,,,,,,,,,,,,,,,,video recording identifier,203075,,,barcode203075_01.wav,,,https://avalon.wgbh.org/hls/avalon/23065/barcode203075/PreservationMaster/barcode203075_01.mp4/master.m3u8,,,,,,,480,360,,,,,4:3,480x360,,,,,,
Reading Aloud,,Default Unit,,Charles Dickens: Barnaby Rudge,1979-07-06,,,,,,,,B,Radio program (Master),local,,general,,,,,,,,,,,,,,,,,video recording identifier,203073,,,barcode203073_01.wav,,,https://avalon.wgbh.org/hls/avalon/23065/barcode203073/PreservationMaster/barcode203073_01.mp4/master.m3u8,,,,,,,480,360,,,,,4:3,480x360,,,,,,
Reading Aloud,,Default Unit,,Charles Dickens: Barnaby Rudge,1979-07-06,,,,,,,,C,Radio program (Master),local,,general,,,,,,,,,,,,,,,,,video recording identifier,203074,,,,,,https://avalon.wgbh.org/hls/avalon/nothing/master.m3u8,,,,,,,480,360,,,,,4:3,480x360,,,,,,
Reading Aloud,,Default Unit,,Charles Dickens: Barnaby Rudge,1979-07-06,,,,,,,,A,Radio program (Master),local,,general,,,,,,,,,,,,,,,,,video recording identifier,202923,,,barcode202923_01.wav,,,https://avalon.wgbh.org/hls/avalon/23065/barcode202923/PreservationMaster/barcode202923_01.mp4/master.m3u8,,,,,,,480,360,,,,,4:3,480x360,,,,,,
Reading Aloud,,Default Unit,,Charles Dickens: Barnaby Rudge,1979-07-06,,,,,,,,B,Radio program (Master),local,,general,,,,,,,,,,,,,,,,,video recording identifier,202921,,,barcode202921_01.wav,,,https://avalon.wgbh.org/hls/avalon/23065/barcode202921/PreservationMaster/barcode202921_01.mp4/master.m3u8,,,,,,,480,360,,,,,4:3,480x360,,,,,,
Reading Aloud,,Default Unit,,Charles Dickens: Barnaby Rudge,1979-07-06,,,,,,,,C,Radio program (Master),local,,general,,,,,,,,,,,,,,,,,video recording identifier,202922,,,,,,https://avalon.wgbh.org/hls/avalon/nothing/master.m3u8,,,,,,,480,360,,,,,4:3,480x360,,,,,,
Reading Aloud,,Default Unit,,Charles Dickens: Barnaby Rudge,1979-07-06,,,,,,,,A,Radio program (Master),local,,general,,,,,,,,,,,,,,,,,video recording identifier,202920,,,barcode202920_01.wav,,,https://avalon.wgbh.org/hls/avalon/23065/barcode202920/PreservationMaster/barcode202920_01.mp4/master.m3u8,,,,,,,480,360,,,,,4:3,480x360,,,,,,
Reading Aloud,,Default Unit,,Charles Dickens: Barnaby Rudge,1979-07-06,,,,,,,,B,Radio program (Master),local,,general,,,,,,,,,,,,,,,,,video recording identifier,202918,,,barcode202918_01.wav,,,https://avalon.wgbh.org/hls/avalon/23065/barcode202918/PreservationMaster/barcode202918_01.mp4/master.m3u8,,,,,,,480,360,,,,,4:3,480x360,,,,,,
Reading Aloud,,Default Unit,,Charles Dickens: Barnaby Rudge,1979-07-06,,,,,,,,C,Radio program (Master),local,,general,,,,,,,,,,,,,,,,,video recording identifier,202919,,,,,,https://avalon.wgbh.org/hls/avalon/nothing/master.m3u8,,,,,,,480,360,,,,,4:3,480x360,,,,,,
Reading Aloud,,Default Unit,,Charles Dickens: Barnaby Rudge,1979-07-06,,,,,,,,A,Radio program (Master),local,,general,,,,,,,,,,,,,,,,,video recording identifier,202916,,,barcode202916_01.wav,,,https://avalon.wgbh.org/hls/avalon/23065/barcode202916/PreservationMaster/barcode202916_01.mp4/master.m3u8,,,,,,,480,360,,,,,4:3,480x360,,,,,,
Reading Aloud,,Default Unit,,Charles Dickens: Barnaby Rudge,1979-07-06,,,,,,,,B,Radio program (Master),local,,general,,,,,,,,,,,,,,,,,video recording identifier,202915,,,barcode202915_01.wav,,,https://avalon.wgbh.org/hls/avalon/23065/barcode202915/PreservationMaster/barcode202915_01.mp4/master.m3u8,,,,,,,480,360,,,,,4:3,480x360,,,,,,
Reading Aloud,,Default Unit,,Charles Dickens: Barnaby Rudge,1979-07-06,,,,,,,,C,Radio program (Master),local,,general,,,,,,,,,,,,,,,,,video recording identifier,202914,,,,,,https://avalon.wgbh.org/hls/avalon/nothing/master.m3u8,,,,,,,480,360,,,,,4:3,480x360,,,,,,
Reading Aloud,,Default Unit,,Charles Dickens: Barnaby Rudge,1979-07-06,,,,,,,,A,Radio program (Master),local,,general,,,,,,,,,,,,,,,,,video recording identifier,202917,,,barcode202917_01.wa,,,https://avalon.wgbh.org/hls/avalon/23065/barcode202917/PreservationMaster/barcode202917_01.mp4/master.m3u8,,,,,,,480,360,,,,,4:3,480x360,,,,,,
Reading Aloud,,Default Unit,,Charles Dickens: Barnaby Rudge,1979-07-06,,,,,,,,B,Radio program (Master),local,,general,,,,,,,,,,,,,,,,,video recording identifier,203067,,,barcode203067_01.wav,,,https://avalon.wgbh.org/hls/avalon/23065/barcode203067/PreservationMaster/barcode203067_01.mp4/master.m3u8,,,,,,,480,360,,,,,4:3,480x360,,,,,,
Reading Aloud,,Default Unit,,Charles Dickens: Barnaby Rudge,1979-07-06,,,,,,,,A,Radio program (Master),local,,general,,,,,,,,,,,,,,,,,video recording identifier,203069,,,barcode203069_01.wav,,,https://avalon.wgbh.org/hls/avalon/23065/barcode203069/PreservationMaster/barcode203069_01.mp4/master.m3u8,,,,,,,480,360,,,,,4:3,480x360,,,,,,
Reading Aloud,,Default Unit,,Charles Dickens: Barnaby Rudge,1979-07-06,,,,,,,,B,Radio program (Master),local,,general,,,,,,,,,,,,,,,,,video recording identifier,203068,,,barcode203068_01.wav,,,https://avalon.wgbh.org/hls/avalon/23065/barcode203068/PreservationMaster/barcode203068_01.mp4/master.m3u8,,,,,,,480,360,,,,,4:3,480x360,,,,,,
Reading Aloud,,Default Unit,,Charles Dickens: Barnaby Rudge,1979-07-06,,,,,,,,A,Radio program (Master),local,,general,,,,,,,,,,,,,,,,,video recording identifier,203061,,,barcode203061_01.wav,,,https://avalon.wgbh.org/hls/avalon/23065/barcode203061/PreservationMaster/barcode203061_01.mp4/master.m3u8,,,,,,,480,360,,,,,4:3,480x360,,,,,,
Reading Aloud,,Default Unit,,Charles Dickens: Barnaby Rudge,1979-07-06,,,,,,,,B,Radio program (Master),local,,general,,,,,,,,,,,,,,,,,video recording identifier,203062,,,barcode203062_01.wav,,,https://avalon.wgbh.org/hls/avalon/23065/barcode203062/PreservationMaster/barcode203062_01.mp4/master.m3u8,,,,,,,480,360,,,,,4:3,480x360,,,,,,
Reading Aloud,,Default Unit,,Charles Dickens: Barnaby Rudge,1979-07-06,,,,,,,,A,Radio program (Master),local,,general,,,,,,,,,,,,,,,,,video recording identifier,203066,,,barcode203066_01.wav,,,https://avalon.wgbh.org/hls/avalon/23065/barcode203066/PreservationMaster/barcode203066_01.mp4/master.m3u8,,,,,,,480,360,,,,,4:3,480x360,,,,,,
Reading Aloud,,Default Unit,,Charles Dickens: Barnaby Rudge,1979-07-06,,,,,,,,B,Radio program (Master),local,,general,,,,,,,,,,,,,,,,,video recording identifier,203063,,,barcode203063_01.wav,,,https://avalon.wgbh.org/hls/avalon/23065/barcode203063/PreservationMaster/barcode203063_01.mp4/master.m3u8,,,,,,,480,360,,,,,4:3,480x360,,,,,,
Reading Aloud,,Default Unit,,Charles Dickens: Barnaby Rudge,1979-07-06,,,,,,,,B,Radio program (Master),local,,general,,,,,,,,,,,,,,,,,video recording identifier,202907,,,barcode202907_01.wav,,,https://avalon.wgbh.org/hls/avalon/23065/barcode202907/PreservationMaster/barcode202907_01.mp4/master.m3u8,,,,,,,480,360,,,,,4:3,480x360,,,,,,
Reading Aloud,,Default Unit,,Charles Dickens: Barnaby Rudge,1979-07-06,,,,,,,,B,Radio program (Master),local,,general,,,,,,,,,,,,,,,,,video recording identifier,202912,,,barcode202912_01.wav,,,https://avalon.wgbh.org/hls/avalon/23065/barcode202912/PreservationMaster/barcode202912_01.mp4/master.m3u8,,,,,,,480,360,,,,,4:3,480x360,,,,,,
Reading Aloud,,Default Unit,,Charles Dickens: Barnaby Rudge,1979-07-06,,,,,,,,A,Radio program (Master),local,,general,,,,,,,,,,,,,,,,,video recording identifier,202910,,,barcode202910_01.wav,,,https://avalon.wgbh.org/hls/avalon/23065/barcode202910/PreservationMaster/barcode202910_01.mp4/master.m3u8,,,,,,,480,360,,,,,4:3,480x360,,,,,,
Reading Aloud,,Default Unit,,Charles Dickens: Barnaby Rudge,1979-07-06,,,,,,,,B,Radio program (Master),local,,general,,,,,,,,,,,,,,,,,video recording identifier,202909,,,barcode202909_01.wav,,,https://avalon.wgbh.org/hls/avalon/23065/barcode202909/PreservationMaster/barcode202909_01.mp4/master.m3u8,,,,,,,480,360,,,,,4:3,480x360,,,,,,
Reading Aloud,,Default Unit,,Charles Dickens: Barnaby Rudge,1979-07-06,,,,,,,,A,Radio program (Master),local,,general,,,,,,,,,,,,,,,,,video recording identifier,202913,,,barcode202913_01.wav,,,https://avalon.wgbh.org/hls/avalon/23065/barcode202913/PreservationMaster/barcode202913_01.mp4/master.m3u8,,,,,,,480,360,,,,,4:3,480x360,,,,,,
Reading Aloud,,Default Unit,,Charles Dickens: Barnaby Rudge,1979-07-06,,,,,,,,A,Radio program (Master),local,,general,,,,,,,,,,,,,,,,,video recording identifier,202897,,,barcode202897_01.wav,,,https://avalon.wgbh.org/hls/avalon/23065/barcode202897/PreservationMaster/barcode202897_01.mp4/master.m3u8,,,,,,,480,360,,,,,4:3,480x360,,,,,,
Reading Aloud,,Default Unit,,Charles Dickens: Barnaby Rudge,1979-07-06,,,,,,,,A,Radio program (Master),local,,general,,,,,,,,,,,,,,,,,video recording identifier,202899,,,barcode202899_01.wav,,,https://avalon.wgbh.org/hls/avalon/23065/barcode202899/PreservationMaster/barcode202899_01.mp4/master.m3u8,,,,,,,480,360,,,,,4:3,480x360,,,,,,
Reading Aloud,,Default Unit,,Charles Dickens: Barnaby Rudge,1979-07-06,,,,,,,,B,Radio program (Master),local,,general,,,,,,,,,,,,,,,,,video recording identifier,202898,,,barcode202898_01.wav,,,https://avalon.wgbh.org/hls/avalon/23065/barcode202898/PreservationMaster/barcode202898_01.mp4/master.m3u8,,,,,,,480,360,,,,,4:3,480x360,,,,,,
Reading Aloud,,Default Unit,,Charles Dickens: Barnaby Rudge,1979-07-06,,,,,,,,A,Radio program (Master),local,,general,,,,,,,,,,,,,,,,,video recording identifier,202900,,,barcode202900_01.wav,,,https://avalon.wgbh.org/hls/avalon/23065/barcode202900/PreservationMaster/barcode202900_01.mp4/master.m3u8,,,,,,,480,360,,,,,4:3,480x360,,,,,,
Reading Aloud,,Default Unit,,Charles Dickens: Barnaby Rudge,1979-07-06,,,,,,,,B,Radio program (Master),local,,general,,,,,,,,,,,,,,,,,video recording identifier,202901,,,barcode202901_01.wav,,,https://avalon.wgbh.org/hls/avalon/23065/barcode202901/PreservationMaster/barcode202901_01.mp4/master.m3u8,,,,,,,480,360,,,,,4:3,480x360,,,,,,
Reading Aloud,,Default Unit,,Charles Dickens: Barnaby Rudge,1979-07-06,,,,,,,,A,Radio program (Master),local,,general,,,,,,,,,,,,,,,,,video recording identifier,202902,,,barcode202902_01.wav,,,https://avalon.wgbh.org/hls/avalon/23065/barcode202902/PreservationMaster/barcode202902_01.mp4/master.m3u8,,,,,,,480,360,,,,,4:3,480x360,,,,,,
Reading Aloud,,Default Unit,,Charles Dickens: Barnaby Rudge,1979-07-06,,,,,,,,B,Radio program (Master),local,,general,,,,,,,,,,,,,,,,,video recording identifier,202903,,,barcode202903_01.wav,,,https://avalon.wgbh.org/hls/avalon/23065/barcode202903/PreservationMaster/barcode202903_01.mp4/master.m3u8,,,,,,,480,360,,,,,4:3,480x360,,,,,,
Reading Aloud,,Default Unit,,Charles Dickens: Barnaby Rudge,1979-07-06,,,,,,,,A,Radio program (Master),local,,general,,,,,,,,,,,,,,,,,video recording identifier,202904,,,barcode202904_01.wav,,,https://avalon.wgbh.org/hls/avalon/23065/barcode202904/PreservationMaster/barcode202904_01.mp4/master.m3u8,,,,,,,480,360,,,,,4:3,480x360,,,,,,
Reading Aloud,,Default Unit,,Charles Dickens: Barnaby Rudge,1979-07-06,,,,,,,,B,Radio program (Master),local,,general,,,,,,,,,,,,,,,,,video recording identifier,202905,,,barcode202905_01.wav,,,https://avalon.wgbh.org/hls/avalon/23065/barcode202905/PreservationMaster/barcode202905_01.mp4/master.m3u8,,,,,,,480,360,,,,,4:3,480x360,,,,,,
NOVA,,Default Unit,,Hidden City (The),1989-10-03,,,,,,,,On Camera Interview about NYC water system,Original footage,local,,general,,,,,,,,,,,,,,,,,video recording identifier,297729,,,barcode297729.mkv,,,https://avalon.wgbh.org/hls/avalon/23033/barcode297729/PreservationMaster/barcode297729.mp4/master.m3u8,,,,,,,480,360,,,,,4:3,480x360,,,,,,
NOVA,,Default Unit,,Hidden City (The),1989-10-03,,,,,,,,B Roll NY harbor - tug boat moving boat - ships,Original footage,local,,general,,,,,,,,,,,,,,,,,video recording identifier,297726,,,barcode297726.mkv,,,https://avalon.wgbh.org/hls/avalon/23033/barcode297726/PreservationMaster/barcode297726.mp4/master.m3u8,,,,,,,480,360,,,,,4:3,480x360,,,,,,
NOVA,,Default Unit,,Hidden City (The),1989-10-03,,,,,,,,B Roll of a dam,Original footage,local,,general,,,,,,,,,,,,,,,,,video recording identifier,297728,,,barcode297728.mkv,,,https://avalon.wgbh.org/hls/avalon/23033/barcode297728/PreservationMaster/barcode297728.mp4/master.m3u8,,,,,,,480,360,,,,,4:3,480x360,,,,,,
Unsorted Programs,,Default Unit,,Macleish,2500-01-01,,,,,,,,"77-3044-00-00-002 Macleish 7""",Radio program (Master),local,,general,,,,,,,,,,,,,,,,,video recording identifier,155561,,,barcode155561_01.wav,,,https://avalon.wgbh.org/hls/avalon/23065/barcode155561/PreservationMaster/barcode155561_01.mp4/master.m3u8,,,,,,,480,360,,,,,4:3,480x360,,,,,,
Unsorted Programs,,Default Unit,,Sam Allen,2500-01-01,,,,,,,,"77-3029-00-00-001 Sam Allen 7""",Radio program (Master),local,,general,,,,,,,,,,,,,,,,,video recording identifier,155551,,,barcode155551_01.wav,,,https://avalon.wgbh.org/hls/avalon/23065/barcode155551/PreservationMaster/barcode155551_01.mp4/master.m3u8,,,,,,,480,360,,,,,4:3,480x360,,,,,,
Unsorted Programs,,Default Unit,,Herman Melville,2500-01-01,,,,,,,,"77-3047-00-00-001 Herman Melville 7"" Tim Sheldon",Radio program (Master),local,,general,,,,,,,,,,,,,,,,,video recording identifier,155563,,,barcode155563_01.wav,,,https://avalon.wgbh.org/hls/avalon/23065/barcode155563/PreservationMaster/barcode155563_01.mp4/master.m3u8,,,,,,,480,360,,,,,4:3,480x360,,,,,,
Unsorted Programs,,Default Unit,,Sylvia Plath,2500-01-01,,,,,,,,"77-3049-00-00-001 Sylvia Plath 7""",Radio program (Master),local,,general,,,,,,,,,,,,,,,,,video recording identifier,155545,,,barcode155545_01.wav,,,https://avalon.wgbh.org/hls/avalon/23065/barcode155545/PreservationMaster/barcode155545_01.mp4/master.m3u8,,,,,,,480,360,,,,,4:3,480x360,,,,,,
Unsorted Programs,,Default Unit,,Sylvia Plath,2500-01-01,,,,,,,,"77-5000-00-00-001 Sylvia Plath 7""",Radio program (Master),local,,general,,,,,,,,,,,,,,,,,video recording identifier,155550,,,barcode155550_01.wav,,,https://avalon.wgbh.org/hls/avalon/23065/barcode155550/PreservationMaster/barcode155550_01.mp4/master.m3u8,,,,,,,480,360,,,,,4:3,480x360,,,,,,
Spider's Web,,Default Unit,,E.B. White: Charlotte's Web,1905-05-30,,,,,,,,"77-0124-00-26-002 Spider's Web Charlotte's Web #2 12/1977 Master 7"" reel 2 of 9",Radio program (Master),local,,general,,,,,,,,,,,,,,,,,video recording identifier,155537,,,barcode155537_01.wav,,,https://avalon.wgbh.org/hls/avalon/23065/barcode155537/PreservationMaster/barcode155537_01.mp4/master.m3u8,,,,,,,480,360,,,,,4:3,480x360,,,,,,
NOVA,,Default Unit,,Great Moments From NOVA (1993),1993-12-07,,,,,,,,523 Close/end montage,Original footage,local,,general,,,,,,,,,,,,,,,,,video recording identifier,229832,,,barcode229832.mkv,,,https://avalon.wgbh.org/hls/avalon/barcode229832.mp4/master.m3u8,,,,,,,480,360,,,,,4:3,480x360,,,,,,
"World, The",,Default Unit,,"World, The (General Series)",1996-12-31,,,,,,,,"Episode 1.
 Tony Kahn and Mary Ambrose host, Kimberly Dozier contributes. News focuses on events in the Middle East, South Africa's constitution, conflict in Bosnia, the sport of Freestyling.

 Episode 2.
 Tony Kahn and Eddie Mayor host. News focuses on conflict in Iraq, politics in Israel, and drive-in bingo in Ireland.",Radio program (Master),local,News Report,general,,,,,News Report,,,,,,"News and Current Events, Global Affairs, Peoples of the Middle East, Peoples of Eastern Europe, Peoples of Southern Africa, Peoples of Western Europe",,,,,,video recording identifier,102444,,,barcode102444_01.wav,,,https://avalon.wgbh.org/hls/avalon/barcode102444_01.mp4/master.m3u8,,,,,,,480,360,,,,,4:3,480x360,,,,,,
"World, The",,Default Unit,,"World, The (General Series)",1997-11-03,,,,,,,,"11/3/1997
 AIR MASTER - 3 P.M.",Radio program (Master),local,,general,,,,,,,,,,,,,,,,,video recording identifier,214900,,,barcode214900_01.wav,,,https://avalon.wgbh.org/hls/avalon/22980/barcode214900/PreservationMaster/barcode214900_01.mp4/master.m3u8,,,,,,,480,360,,,,,4:3,480x360,,,,,,
"World, The",,Default Unit,,"World, The (General Series)",1997-11-04,,,,,,,,"11/4/1997
 AIR MASTER - 4 P.M.",Radio program (Master),local,,general,,,,,,,,,,,,,,,,,video recording identifier,214899,,,barcode214899_01.wav,,,https://avalon.wgbh.org/hls/avalon/22980/barcode214899/PreservationMaster/barcode214899_01.mp4/master.m3u8,,,,,,,480,360,,,,,4:3,480x360,,,,,,
"World, The",,Default Unit,,"World, The (General Series)",1997-11-05,,,,,,,,"11/5/1997
 AIR MASTER - 3 P.M.",Radio program (Master),local,,general,,,,,,,,,,,,,,,,,video recording identifier,214898,,,barcode214898_01.wav,,,https://avalon.wgbh.org/hls/avalon/22980/barcode214898/PreservationMaster/barcode214898_01.mp4/master.m3u8,,,,,,,480,360,,,,,4:3,480x360,,,,,,
"World, The",,Default Unit,,"World, The (General Series)",1997-11-20,,,,,,,,"11/20/1997
 AIR MASTER - 3 P.M.",Radio program (Master),local,,general,,,,,,,,,,,,,,,,,video recording identifier,214889,,,barcode214889_01.wav,,,https://avalon.wgbh.org/hls/avalon/22980/barcode214889/PreservationMaster/barcode214889_01.mp4/master.m3u8,,,,,,,480,360,,,,,4:3,480x360,,,,,,
"World, The",,Default Unit,,"World, The (General Series)",1997-11-21,,,,,,,,"11/21/1997
 AIR MASTER - 3 P.M.",Radio program (Master),local,,general,,,,,,,,,,,,,,,,,video recording identifier,214888,,,barcode214888_01.wav,,,https://avalon.wgbh.org/hls/avalon/22980/barcode214888/PreservationMaster/barcode214888_01.mp4/master.m3u8,,,,,,,480,360,,,,,4:3,480x360,,,,,,
"World, The",,Default Unit,,"World, The (General Series)",1997-11-24,,,,,,,,"11/24/1997
 AIR MASTER - 3 P.M.",Radio program (Master),local,,general,,,,,,,,,,,,,,,,,video recording identifier,214887,,,barcode214887_01.wav,,,https://avalon.wgbh.org/hls/avalon/22980/barcode214887/PreservationMaster/barcode214887_01.mp4/master.m3u8,,,,,,,480,360,,,,,4:3,480x360,,,,,,
"World, The",,Default Unit,,"World, The (General Series)",1997-11-25,,,,,,,,"11/25/1997
 AIR MASTER - 3 P.M.",Radio program (Master),local,,general,,,,,,,,,,,,,,,,,video recording identifier,214886,,,barcode214886_01.wav,,,https://avalon.wgbh.org/hls/avalon/22980/barcode214886/PreservationMaster/barcode214886_01.mp4/master.m3u8,,,,,,,480,360,,,,,4:3,480x360,,,,,,
"World, The",,Default Unit,,"World, The (General Series)",1997-11-27,,,,,,,,"11/27/1997
 AIR MASTER - 3 P.M.",Radio program (Master),local,,general,,,,,,,,,,,,,,,,,video recording identifier,214884,,,barcode214884_01.wav,,,https://avalon.wgbh.org/hls/avalon/22980/barcode214884/PreservationMaster/barcode214884_01.mp4/master.m3u8,,,,,,,480,360,,,,,4:3,480x360,,,,,,
"World, The",,Default Unit,,"World, The (General Series)",1997-11-28,,,,,,,,"11/28/1997
 AIR MASTER - 3 P.M.",Radio program (Master),local,,general,,,,,,,,,,,,,,,,,video recording identifier,214883,,,barcode214883_01.wav,,,https://avalon.wgbh.org/hls/avalon/22980/barcode214883/PreservationMaster/barcode214883_01.mp4/master.m3u8,,,,,,,480,360,,,,,4:3,480x360,,,,,,
"World, The",,Default Unit,,"World, The (General Series)",1997-12-01,,,,,,,,"12/1/1997
 AIR MASTER - 3 P.M.",Radio program (Master),local,,general,,,,,,,,,,,,,,,,,video recording identifier,214882,,,barcode214882_01.wav,,,https://avalon.wgbh.org/hls/avalon/22980/barcode214882/PreservationMaster/barcode214882_01.mp4/master.m3u8,,,,,,,480,360,,,,,4:3,480x360,,,,,,
"World, The",,Default Unit,,"World, The (General Series)",1997-12-10,,,,,,,,"12/10/1997
 AIR MASTER - 6 P.M.",Radio program (Master),local,,general,,,,,,,,,,,,,,,,,video recording identifier,214875,,,barcode214875_01.wav,,,https://avalon.wgbh.org/hls/avalon/22980/barcode214875/PreservationMaster/barcode214875_01.mp4/master.m3u8,,,,,,,480,360,,,,,4:3,480x360,,,,,,
"World, The",,Default Unit,,"World, The (General Series)",1997-12-12,,,,,,,,"12/12/1997
 AIR MASTER - 3 P.M.",Radio program (Master),local,,general,,,,,,,,,,,,,,,,,video recording identifier,214874,,,barcode214874_01.wav,,,https://avalon.wgbh.org/hls/avalon/22980/barcode214874/PreservationMaster/barcode214874_01.mp4/master.m3u8,,,,,,,480,360,,,,,4:3,480x360,,,,,,
"World, The",,Default Unit,,"World, The (General Series)",1997-12-15,,,,,,,,"12/15/1997
 AIR MASTER - 3 P.M.",Radio program (Master),local,,general,,,,,,,,,,,,,,,,,video recording identifier,214873,,,barcode214873_01.wav,,,https://avalon.wgbh.org/hls/avalon/22980/barcode214873/PreservationMaster/barcode214873_01.mp4/master.m3u8,,,,,,,480,360,,,,,4:3,480x360,,,,,,
"World, The",,Default Unit,,"World, The (General Series)",1997-12-16,,,,,,,,"12/16/1997
 AIR MASTER - 3 P.M.",Radio program (Master),local,,general,,,,,,,,,,,,,,,,,video recording identifier,214872,,,barcode214872_01.wav,,,https://avalon.wgbh.org/hls/avalon/22980/barcode214872/PreservationMaster/barcode214872_01.mp4/master.m3u8,,,,,,,480,360,,,,,4:3,480x360,,,,,,
"World, The",,Default Unit,,"World, The (General Series)",1997-12-17,,,,,,,,"12/17/1997
 AIR MASTER - 3 P.M.",Radio program (Master),local,,general,,,,,,,,,,,,,,,,,video recording identifier,214871,,,barcode214871_01.wav,,,https://avalon.wgbh.org/hls/avalon/22980/barcode214871/PreservationMaster/barcode214871_01.mp4/master.m3u8,,,,,,,480,360,,,,,4:3,480x360,,,,,,
Ten O'Clock News,,Default Unit,,Ten O'Clock News,2500-01-01,,,,,,,,"Jimmy Carter - Ronald Reagan Debate, reel 2",News Tape,local,,general,,,,,,,,,,,,,,,,,video recording identifier,194111,,,barcode194111.mkv,,,https://avalon.wgbh.org/hls/avalon/23033/barcode194111/PreservationMaster/barcode194111.mp4/master.m3u8,,,,,,,480,360,,,,,4:3,480x360,,,,,,
Ten O'Clock News,,Default Unit,,Ten O'Clock News,2500-01-01,,,,,,,,DEF footage; Anderson headquarters with band; election night ?,News Tape,local,,general,,,,,,,,,,,,,,,,,video recording identifier,194113,,,barcode194113.mkv,,,https://avalon.wgbh.org/hls/avalon/barcode194113.mp4/master.m3u8,,,,,,,480,360,,,,,4:3,480x360,,,,,,
Unsorted Programs,,Default Unit,,Signature Masters,2500-01-01,,,,,,,,"Horner, WGBH Signature Masters",Radio program (Master),local,,general,,,,,,,,,,,,,,,,,video recording identifier,155799,,,barcode155799_01.wav,,,https://avalon.wgbh.org/hls/avalon/23065/barcode155799/PreservationMaster/barcode155799_01.mp4/master.m3u8,,,,,,,480,360,,,,,4:3,480x360,,,,,,
Reading Aloud,,Default Unit,,Dumas: The Three Musketeers,1979-07-24,,,,,,,,Reel 3 of 67,Radio program (Master),local,,general,,,,,,,,,,,,,,,,,video recording identifier,155729,,,barcode155729_01.wav,,,https://avalon.wgbh.org/hls/avalon/23065/barcode155729/PreservationMaster/barcode155729_01.mp4/master.m3u8,,,,,,,480,360,,,,,4:3,480x360,,,,,,
Reading Aloud,,Default Unit,,Dumas: The Three Musketeers,1979-07-24,,,,,,,,Reel 5 of 67,Radio program (Master),local,,general,,,,,,,,,,,,,,,,,video recording identifier,155731,,,barcode155731_01.wav,,,https://avalon.wgbh.org/hls/avalon/23065/barcode155731/PreservationMaster/barcode155731_01.mp4/master.m3u8,,,,,,,480,360,,,,,4:3,480x360,,,,,,
Reading Aloud,,Default Unit,,Dumas: The Three Musketeers,1979-07-24,,,,,,,,Reel 6 of 67,Radio program (Master),local,,general,,,,,,,,,,,,,,,,,video recording identifier,155732,,,barcode155732_01.wav,,,https://avalon.wgbh.org/hls/avalon/23065/barcode155732/PreservationMaster/barcode155732_01.mp4/master.m3u8,,,,,,,480,360,,,,,4:3,480x360,,,,,,
Reading Aloud,,Default Unit,,Dumas: The Three Musketeers,1979-07-24,,,,,,,,Reel 7 of 67,Radio program (Master),local,,general,,,,,,,,,,,,,,,,,video recording identifier,155733,,,barcode155733_01.wav,,,https://avalon.wgbh.org/hls/avalon/23065/barcode155733/PreservationMaster/barcode155733_01.mp4/master.m3u8,,,,,,,480,360,,,,,4:3,480x360,,,,,,
Reading Aloud,,Default Unit,,Dumas: The Three Musketeers,1979-07-24,,,,,,,,Reel 8 of 67,Radio program (Master),local,,general,,,,,,,,,,,,,,,,,video recording identifier,155734,,,barcode155734_01.wav,,,https://avalon.wgbh.org/hls/avalon/23065/barcode155734/PreservationMaster/barcode155734_01.mp4/master.m3u8,,,,,,,480,360,,,,,4:3,480x360,,,,,,
Reading Aloud,,Default Unit,,Dumas: The Three Musketeers,1979-07-24,,,,,,,,Reel 9 of 67,Radio program (Master),local,,general,,,,,,,,,,,,,,,,,video recording identifier,155735,,,barcode155735_01.wav,,,https://avalon.wgbh.org/hls/avalon/23065/barcode155735/PreservationMaster/barcode155735_01.mp4/master.m3u8,,,,,,,480,360,,,,,4:3,480x360,,,,,,
Reading Aloud,,Default Unit,,Stevenson : Master of Ballantine,1979-04-10,,,,,,,,13B,Radio program (Master),local,,general,,,,,,,,,,,,,,,,,video recording identifier,155962,,,barcode155962_01.wav,,,https://avalon.wgbh.org/hls/avalon/23065/barcode155962/PreservationMaster/barcode155962_01.mp4/master.m3u8,,,,,,,480,360,,,,,4:3,480x360,,,,,,
Reading Aloud,,Default Unit,,Stevenson : Master of Ballantine,1979-04-10,,,,,,,,Reel 15B,Radio program (Master),local,,general,,,,,,,,,,,,,,,,,video recording identifier,155968,,,barcode155968_01.wav,,,https://avalon.wgbh.org/hls/avalon/23065/barcode155968/PreservationMaster/barcode155968_01.mp4/master.m3u8,,,,,,,480,360,,,,,4:3,480x360,,,,,,
NOVA,,Default Unit,,Big Energy Gamble (Energy),2009-01-20,,,,,,,,CA Governor Arnold Schwarzenegger interview,Original footage,local,,general,,,,,,,,,,,,,,,,,video recording identifier,312658,,,,,,,,,,,,,,,,,,,,,,,,,,